This is LuaHBTeX, Version 1.24.0 (TeX Live 2026)  (format=lualatex 2026.9.6)  24 SEP 2026 01:10
 restricted system commands enabled.
**index.tex
(./index.tex
LaTeX2e <2026-06-01>
L3 programming layer <2026-08-10>
Lua module: luaotfload 2024-12-03 v3.29 Lua based OpenType font support
Lua module: lualibs 2023-07-13 v2.76 ConTeXt Lua standard libraries.
Lua module: lualibs-extended 2023-07-13 v2.76 ConTeXt Lua libraries -- extended collection.
luaotfload | conf : Root cache directory is "C:/Users/UniversoAndante/AppData/Roaming/TinyTeX/texmf-var/luatex-cache/generic/names".
luaotfload | init : Loading fontloader "fontloader-2023-12-28.lua" from kpse-resolved path "c:/Users/UniversoAndante/AppData/Roaming/TinyTeX/texmf-dist/tex/luatex/luaotfload/fontloader-2023-12-28.lua".
Lua-only attribute luaotfload@noligature = 1
luaotfload | init : Context OpenType loader version 3.134
Inserting `luaotfload.node_processor' in `pre_linebreak_filter'.
Inserting `luaotfload.node_processor' in `hpack_filter'.
Inserting `luaotfload.glyph_stream' in `glyph_stream_provider'.
Inserting `luaotfload.define_font' in `define_font'.
Lua-only attribute luaotfload_color_attribute = 2
luaotfload | conf : Root cache directory is "C:/Users/UniversoAndante/AppData/Roaming/TinyTeX/texmf-var/luatex-cache/generic/names".
Inserting `luaotfload.harf.strip_prefix' in `find_opentype_file'.
Inserting `luaotfload.harf.strip_prefix' in `find_truetype_file'.
Removing  `luaotfload.glyph_stream' from `glyph_stream_provider'.
Inserting `luaotfload.harf.glyphstream' in `glyph_stream_provider'.
Inserting `luaotfload.harf.finalize_vlist' in `post_linebreak_filter'.
Inserting `luaotfload.harf.finalize_hlist' in `hpack_filter'.
Inserting `luaotfload.cleanup_files' in `wrapup_run'.
Inserting `luaotfload.harf.finalize_unicode' in `finish_pdffile'.
Inserting `luaotfload.glyphinfo' in `glyph_info'.
Lua-only attribute luaotfload.letterspace_done = 3
Inserting `luaotfload.aux.set_sscale_dimens' in `luaotfload.patch_font'.
Inserting `luaotfload.aux.set_font_index' in `luaotfload.patch_font'.
Inserting `luaotfload.aux.patch_cambria_domh' in `luaotfload.patch_font'.
Inserting `luaotfload.aux.fixup_fontdata' in `luaotfload.patch_font_unsafe'.
Inserting `luaotfload.aux.set_capheight' in `luaotfload.patch_font'.
Inserting `luaotfload.aux.set_xheight' in `luaotfload.patch_font'.
Inserting `luaotfload.rewrite_fontname' in `luaotfload.patch_font'.
Inserting `tracingstacklevels' in `input_level_string'. (c:/Users/UniversoAndante/AppData/Roaming/TinyTeX/texmf-dist/tex/latex/koma-script/scrbook.cls
Document Class: scrbook 2026/02/02 v3.49.2 KOMA-Script document class (book)
(c:/Users/UniversoAndante/AppData/Roaming/TinyTeX/texmf-dist/tex/latex/koma-script/scrkbase.sty
Package: scrkbase 2026/02/02 v3.49.2 KOMA-Script package (KOMA-Script-dependent basics and keyval usage)
(c:/Users/UniversoAndante/AppData/Roaming/TinyTeX/texmf-dist/tex/latex/koma-script/scrbase.sty
Package: scrbase 2026/02/02 v3.49.2 KOMA-Script package (KOMA-Script-independent basics and keyval usage)
(c:/Users/UniversoAndante/AppData/Roaming/TinyTeX/texmf-dist/tex/latex/koma-script/scrlfile.sty
Package: scrlfile 2026/02/02 v3.49.2 KOMA-Script package (file load hooks)
(c:/Users/UniversoAndante/AppData/Roaming/TinyTeX/texmf-dist/tex/latex/koma-script/scrlfile-hook.sty
Package: scrlfile-hook 2026/02/02 v3.49.2 KOMA-Script package (using LaTeX hooks)
(c:/Users/UniversoAndante/AppData/Roaming/TinyTeX/texmf-dist/tex/latex/koma-script/scrlogo.sty
Package: scrlogo 2026/02/02 v3.49.2 KOMA-Script package (logo)
))) (c:/Users/UniversoAndante/AppData/Roaming/TinyTeX/texmf-dist/tex/latex/graphics/keyval.sty
Package: keyval 2026-05-17 v1.15 key=value parser (DPC)
\KV@toks@=\toks17
)
Applying: [2021/05/01] Usage of raw or classic option list on input line 254.
Already applied: [0000/00/00] Usage of raw or classic option list on input line 370.
)) (c:/Users/UniversoAndante/AppData/Roaming/TinyTeX/texmf-dist/tex/latex/koma-script/tocbasic.sty
Package: tocbasic 2026/02/02 v3.49.2 KOMA-Script package (handling toc-files)
\scr@dte@tocline@numberwidth=\skip49
\scr@dte@tocline@numbox=\box53
)
Package tocbasic Info: omitting babel extension for `toc'
(tocbasic)             because of feature `nobabel' available
(tocbasic)             for `toc' on input line 143.
Class scrbook Info: File `scrsize11pt.clo' used instead of
(scrbook)           file `scrsize11.clo' to setup font sizes on input line 2713.
(c:/Users/UniversoAndante/AppData/Roaming/TinyTeX/texmf-dist/tex/latex/koma-script/scrsize11pt.clo
File: scrsize11pt.clo 2026/02/02 v3.49.2 KOMA-Script font size class option (11pt)
luaotfload | db : Font names database loaded from C:/Users/UniversoAndante/AppData/Roaming/TinyTeX/texmf-var/luatex-cache/generic/names/luaotfload-names.luc.gz) (c:/Users/UniversoAndante/AppData/Roaming/TinyTeX/texmf-dist/tex/latex/koma-script/typearea.sty
Package: typearea 2026/02/02 v3.49.2 KOMA-Script package (type area)
\ta@bcor=\skip50
\ta@div=\count274
Package typearea Info: You've used standard option `a4paper'.
(typearea)             This is correct!
(typearea)             Internally I'm using `paper=a4'.
(typearea)             If you'd like to set the option with \KOMAoptions,
(typearea)             you'd have to use `paper=a4' there
(typearea)             instead of `a4paper', too.
\ta@hblk=\skip51
\ta@vblk=\skip52
\ta@temp=\skip53
\footheight=\skip54
Package typearea Info: These are the values describing the layout:
(typearea)             DIV  = 10
(typearea)             BCOR = 0.0pt
(typearea)             \paperwidth      = 597.50793pt
(typearea)              \textwidth      = 418.25555pt
(typearea)              DIV departure   = -6%
(typearea)              \evensidemargin = 47.2316pt
(typearea)              \oddsidemargin  = -12.5192pt
(typearea)             \paperheight     = 845.04694pt
(typearea)              \textheight     = 595.80026pt
(typearea)              \topmargin      = -25.16531pt
(typearea)              \headheight     = 17.0pt
(typearea)              \headsep        = 20.40001pt
(typearea)              \topskip        = 11.0pt
(typearea)              \footskip       = 47.6pt
(typearea)              \baselineskip   = 13.6pt
(typearea)              on input line 1810.
)
\c_scrbook_cmdhook_cctab=\catcodetable14
\c@part=\count275
\c@chapter=\count276
\c@section=\count277
\c@subsection=\count278
\c@subsubsection=\count279
\c@paragraph=\count280
\c@subparagraph=\count281
\scr@dte@chapter@maxnumwidth=\skip55
Class scrbook Info: using compatibility default `afterindent=bysign'
(scrbook)           for `\chapter on input line 5945.
\scr@dte@section@maxnumwidth=\skip56
Class scrbook Info: using compatibility default `runin=bysign'
(scrbook)           for `\section on input line 5956.
Class scrbook Info: using compatibility default `afterindent=bysign'
(scrbook)           for `\section on input line 5956.
\scr@dte@part@maxnumwidth=\skip57
Class scrbook Info: using compatibility default `afterindent=true'
(scrbook)           for `\part on input line 5965.
\scr@dte@subsection@maxnumwidth=\skip58
Class scrbook Info: using compatibility default `runin=bysign'
(scrbook)           for `\subsection on input line 5975.
Class scrbook Info: using compatibility default `afterindent=bysign'
(scrbook)           for `\subsection on input line 5975.
\scr@dte@subsubsection@maxnumwidth=\skip59
Class scrbook Info: using compatibility default `runin=bysign'
(scrbook)           for `\subsubsection on input line 5985.
Class scrbook Info: using compatibility default `afterindent=bysign'
(scrbook)           for `\subsubsection on input line 5985.
\scr@dte@paragraph@maxnumwidth=\skip60
Class scrbook Info: using compatibility default `runin=bysign'
(scrbook)           for `\paragraph on input line 5996.
Class scrbook Info: using compatibility default `afterindent=bysign'
(scrbook)           for `\paragraph on input line 5996.
\scr@dte@subparagraph@maxnumwidth=\skip61
Class scrbook Info: using compatibility default `runin=bysign'
(scrbook)           for `\subparagraph on input line 6006.
Class scrbook Info: using compatibility default `afterindent=bysign'
(scrbook)           for `\subparagraph on input line 6006.
\abovecaptionskip=\skip62
\belowcaptionskip=\skip63
\c@pti@nb@sid@b@x=\box54
Package tocbasic Info: omitting babel extension for `lof'
(tocbasic)             because of feature `nobabel' available
(tocbasic)             for `lof' on input line 7242.
\scr@dte@figure@maxnumwidth=\skip64
\c@figure=\count282
Package tocbasic Info: omitting babel extension for `lot'
(tocbasic)             because of feature `nobabel' available
(tocbasic)             for `lot' on input line 7255.
\scr@dte@table@maxnumwidth=\skip65
\c@table=\count283
Class scrbook Info: Redefining `\numberline' on input line 7426.
\bibindent=\dimen149
) (c:/Users/UniversoAndante/AppData/Roaming/TinyTeX/texmf-dist/tex/latex/xcolor/xcolor.sty
Package: xcolor 2024/09/29 v3.02 LaTeX color extensions (UK)
(c:/Users/UniversoAndante/AppData/Roaming/TinyTeX/texmf-dist/tex/latex/graphics-cfg/color.cfg
File: color.cfg 2016/01/02 v1.6 sample color configuration
)
Package xcolor Info: Driver file: luatex.def on input line 274.
(c:/Users/UniversoAndante/AppData/Roaming/TinyTeX/texmf-dist/tex/latex/graphics-def/luatex.def
File: luatex.def 2025/09/29 v1.2f Graphics/color driver for luatex
) (c:/Users/UniversoAndante/AppData/Roaming/TinyTeX/texmf-dist/tex/latex/graphics/mathcolor.ltx)
Package xcolor Info: Model `cmy' substituted by `cmy0' on input line 1349.
Package xcolor Info: Model `hsb' substituted by `rgb' on input line 1353.
Package xcolor Info: Model `RGB' extended on input line 1365.
Package xcolor Info: Model `HTML' substituted by `rgb' on input line 1367.
Package xcolor Info: Model `Hsb' substituted by `hsb' on input line 1368.
Package xcolor Info: Model `tHsb' substituted by `hsb' on input line 1369.
Package xcolor Info: Model `HSB' substituted by `hsb' on input line 1370.
Package xcolor Info: Model `Gray' substituted by `gray' on input line 1371.
Package xcolor Info: Model `wave' substituted by `hsb' on input line 1372.
) (c:/Users/UniversoAndante/AppData/Roaming/TinyTeX/texmf-dist/tex/latex/graphics/dvipsnam.def
File: dvipsnam.def 2026-05-17 v3.0m Driver-dependent file (DPC,SPQR)
) (c:/Users/UniversoAndante/AppData/Roaming/TinyTeX/texmf-dist/tex/latex/xcolor/svgnam.def
File: svgnam.def 2024/09/29 v3.02 Predefined colors according to SVG 1.1 (UK)
) (c:/Users/UniversoAndante/AppData/Roaming/TinyTeX/texmf-dist/tex/latex/xcolor/x11nam.def
File: x11nam.def 2024/09/29 v3.02 Predefined colors according to Unix/X11 (UK)
) (c:/Users/UniversoAndante/AppData/Roaming/TinyTeX/texmf-dist/tex/latex/geometry/geometry.sty
Package: geometry 2026/03/07 v6.0 Page Geometry
(c:/Users/UniversoAndante/AppData/Roaming/TinyTeX/texmf-dist/tex/generic/iftex/ifvtex.sty
Package: ifvtex 2019/10/25 v1.7 ifvtex legacy package. Use iftex instead.
(c:/Users/UniversoAndante/AppData/Roaming/TinyTeX/texmf-dist/tex/generic/iftex/iftex.sty
Package: iftex 2024/12/12 v1.0g TeX engine tests
))
\Gm@cnth=\count284
\Gm@cntv=\count285
\c@Gm@tempcnt=\count286
\Gm@bindingoffset=\dimen150
\Gm@wd@mp=\dimen151
\Gm@odd@mp=\dimen152
\Gm@even@mp=\dimen153
\Gm@layoutwidth=\dimen154
\Gm@layoutheight=\dimen155
\Gm@layouthoffset=\dimen156
\Gm@layoutvoffset=\dimen157
\Gm@dimlist=\toks18
) (c:/Users/UniversoAndante/AppData/Roaming/TinyTeX/texmf-dist/tex/latex/amsmath/amsmath.sty
Package: amsmath 2026/05/19 v2.18d AMS math features
\@mathmargin=\skip66
For additional information on amsmath, use the `?' option.
(c:/Users/UniversoAndante/AppData/Roaming/TinyTeX/texmf-dist/tex/latex/amsmath/amstext.sty
Package: amstext 2024/11/17 v2.01 AMS text
(c:/Users/UniversoAndante/AppData/Roaming/TinyTeX/texmf-dist/tex/latex/amsmath/amsgen.sty
File: amsgen.sty 1999/11/30 v2.0 generic functions
\@emptytoks=\toks19
\ex@=\dimen158
)) (c:/Users/UniversoAndante/AppData/Roaming/TinyTeX/texmf-dist/tex/latex/amsmath/amsbsy.sty
Package: amsbsy 1999/11/29 v1.2d Bold Symbols
\pmbraise@=\dimen159
) (c:/Users/UniversoAndante/AppData/Roaming/TinyTeX/texmf-dist/tex/latex/amsmath/amsopn.sty
Package: amsopn 2022/04/08 v2.04 operator names
)
\inf@bad=\count287
LaTeX Info: Redefining \frac on input line 235.
\uproot@=\count288
\leftroot@=\count289
LaTeX Info: Redefining \overline on input line 398.
LaTeX Info: Redefining \colon on input line 409.
\classnum@=\count290
\DOTSCASE@=\count291
LaTeX Info: Redefining \ldots on input line 495.
LaTeX Info: Redefining \dots on input line 498.
LaTeX Info: Redefining \cdots on input line 619.
\Mathstrutbox@=\box55
\strutbox@=\box56
LaTeX Info: Redefining \big on input line 721.
LaTeX Info: Redefining \Big on input line 722.
LaTeX Info: Redefining \bigg on input line 723.
LaTeX Info: Redefining \Bigg on input line 724.
\big@size=\dimen160
LaTeX Font Info:    Redeclaring font encoding OML on input line 742.
LaTeX Font Info:    Redeclaring font encoding OMS on input line 743.
\macc@depth=\count292
LaTeX Info: Redefining \bmod on input line 904.
LaTeX Info: Redefining \pmod on input line 909.
LaTeX Info: Redefining \smash on input line 939.
LaTeX Info: Redefining \relbar on input line 969.
LaTeX Info: Redefining \Relbar on input line 970.
\c@MaxMatrixCols=\count293
\dotsspace@=\muskip17
\c@parentequation=\count294
\dspbrk@lvl=\count295
\tag@help=\toks20
\row@=\count296
\column@=\count297
\maxfields@=\count298
\andhelp@=\toks21
\eqnshift@=\dimen161
\alignsep@=\dimen162
\tagshift@=\dimen163
\tagwidth@=\dimen164
\totwidth@=\dimen165
\lineht@=\dimen166
\@envbody=\toks22
\multlinegap=\skip67
\multlinetaggap=\skip68
\mathdisplay@stack=\toks23
LaTeX Info: Redefining \[ on input line 2965.
LaTeX Info: Redefining \] on input line 2966.
) (c:/Users/UniversoAndante/AppData/Roaming/TinyTeX/texmf-dist/tex/latex/amsfonts/amssymb.sty
Package: amssymb 2013/01/14 v3.01 AMS font symbols
(c:/Users/UniversoAndante/AppData/Roaming/TinyTeX/texmf-dist/tex/latex/amsfonts/amsfonts.sty
Package: amsfonts 2013/01/14 v3.01 Basic AMSFonts support
\symAMSa=\mathgroup4
\symAMSb=\mathgroup5
LaTeX Font Info:    Redeclaring math symbol \hbar on input line 98.
LaTeX Font Info:    Overwriting math alphabet `\mathfrak' in version `bold'
(Font)                  U/euf/m/n --> U/euf/b/n on input line 106.
)) (c:/Users/UniversoAndante/AppData/Roaming/TinyTeX/texmf-dist/tex/latex/unicode-math/unicode-math.sty (c:/Users/UniversoAndante/AppData/Roaming/TinyTeX/texmf-dist/tex/latex/l3kernel/expl3.sty
Package: expl3 2026-08-10 L3 programming layer (loader) 
(c:/Users/UniversoAndante/AppData/Roaming/TinyTeX/texmf-dist/tex/latex/l3kernel/l3backend-luatex.def
File: l3backend-luatex.def 2026-08-10 L3 backend support: PDF output (LuaTeX)
\l__color_backend_stack_int=\count299
Inserting `l3color' in `luaotfload.parse_color'.))
Package: unicode-math 2023/08/13 v0.8r Unicode maths in XeLaTeX and LuaLaTeX
(c:/Users/UniversoAndante/AppData/Roaming/TinyTeX/texmf-dist/tex/latex/unicode-math/unicode-math-luatex.sty
Package: unicode-math-luatex 2023/08/13 v0.8r Unicode maths in XeLaTeX and LuaLaTeX
(c:/Users/UniversoAndante/AppData/Roaming/TinyTeX/texmf-dist/tex/latex/l3packages/xparse/xparse.sty
Package: xparse 2025-10-09 L3 Experimental document command parser
) (c:/Users/UniversoAndante/AppData/Roaming/TinyTeX/texmf-dist/tex/latex/l3packages/l3keys2e/l3keys2e.sty
Package: l3keys2e 2025-10-09 LaTeX2e option processing using LaTeX3 keys
) (c:/Users/UniversoAndante/AppData/Roaming/TinyTeX/texmf-dist/tex/latex/fontspec/fontspec.sty
Package: fontspec 2026/08/11 v2.9h Font selection for XeLaTeX and LuaLaTeX
Lua module: fontspec 2026/08/11 v2.9h Font selection for XeLaTeX and LuaLaTeX (c:/Users/UniversoAndante/AppData/Roaming/TinyTeX/texmf-dist/tex/latex/fontspec/fontspec-luatex.sty
Package: fontspec-luatex 2026/08/11 v2.9h Font selection for XeLaTeX and LuaLaTeX
\l__fontspec_script_int=\count300
\l__fontspec_language_int=\count301
\l__fontspec_strnum_int=\count302
\l__fontspec_tmp_int=\count303
\l__fontspec_tmpa_int=\count304
\l__fontspec_tmpb_int=\count305
\l__fontspec_tmpc_int=\count306
\l__fontspec_em_int=\count307
\l__fontspec_emdef_int=\count308
\l__fontspec_strong_int=\count309
\l__fontspec_strongdef_int=\count310
\l__fontspec_tmpa_dim=\dimen167
\l__fontspec_tmpb_dim=\dimen168
\l__fontspec_tmpc_dim=\dimen169
(c:/Users/UniversoAndante/AppData/Roaming/TinyTeX/texmf-dist/tex/latex/base/fontenc.sty
Package: fontenc 2025/07/18 v2.1d Standard LaTeX package
) (c:/Users/UniversoAndante/AppData/Roaming/TinyTeX/texmf-dist/tex/latex/fontspec/fontspec.cfg))) (c:/Users/UniversoAndante/AppData/Roaming/TinyTeX/texmf-dist/tex/latex/base/fix-cm.sty
Package: fix-cm 2020/11/24 v1.1t fixes to LaTeX
(c:/Users/UniversoAndante/AppData/Roaming/TinyTeX/texmf-dist/tex/latex/base/ts1enc.def
File: ts1enc.def 2001/06/05 v3.0e (jk/car/fm) Standard LaTeX file
LaTeX Font Info:    Redeclaring font encoding TS1 on input line 47.
LaTeX Encoding Info:    Redeclaring text command \capitalcedilla (encoding TS1) on input line 49.
LaTeX Encoding Info:    Redeclaring text command \capitalogonek (encoding TS1) on input line 52.
LaTeX Encoding Info:    Redeclaring text command \capitalgrave (encoding TS1) on input line 55.
LaTeX Encoding Info:    Redeclaring text command \capitalacute (encoding TS1) on input line 56.
LaTeX Encoding Info:    Redeclaring text command \capitalcircumflex (encoding TS1) on input line 57.
LaTeX Encoding Info:    Redeclaring text command \capitaltilde (encoding TS1) on input line 58.
LaTeX Encoding Info:    Redeclaring text command \capitaldieresis (encoding TS1) on input line 59.
LaTeX Encoding Info:    Redeclaring text command \capitalhungarumlaut (encoding TS1) on input line 60.
LaTeX Encoding Info:    Redeclaring text command \capitalring (encoding TS1) on input line 61.
LaTeX Encoding Info:    Redeclaring text command \capitalcaron (encoding TS1) on input line 62.
LaTeX Encoding Info:    Redeclaring text command \capitalbreve (encoding TS1) on input line 63.
LaTeX Encoding Info:    Redeclaring text command \capitalmacron (encoding TS1) on input line 64.
LaTeX Encoding Info:    Redeclaring text command \capitaldotaccent (encoding TS1) on input line 65.
LaTeX Encoding Info:    Redeclaring text command \t (encoding TS1) on input line 66.
LaTeX Encoding Info:    Redeclaring text command \capitaltie (encoding TS1) on input line 67.
LaTeX Encoding Info:    Redeclaring text command \newtie (encoding TS1) on input line 68.
LaTeX Encoding Info:    Redeclaring text command \capitalnewtie (encoding TS1) on input line 69.
LaTeX Encoding Info:    Redeclaring text symbol \textcapitalcompwordmark (encoding TS1) on input line 70.
LaTeX Encoding Info:    Redeclaring text symbol \textascendercompwordmark (encoding TS1) on input line 71.
LaTeX Encoding Info:    Redeclaring text symbol \textquotestraightbase (encoding TS1) on input line 72.
LaTeX Encoding Info:    Redeclaring text symbol \textquotestraightdblbase (encoding TS1) on input line 73.
LaTeX Encoding Info:    Redeclaring text symbol \texttwelveudash (encoding TS1) on input line 74.
LaTeX Encoding Info:    Redeclaring text symbol \textthreequartersemdash (encoding TS1) on input line 75.
LaTeX Encoding Info:    Redeclaring text symbol \textleftarrow (encoding TS1) on input line 76.
LaTeX Encoding Info:    Redeclaring text symbol \textrightarrow (encoding TS1) on input line 77.
LaTeX Encoding Info:    Redeclaring text symbol \textblank (encoding TS1) on input line 78.
LaTeX Encoding Info:    Redeclaring text symbol \textdollar (encoding TS1) on input line 79.
LaTeX Encoding Info:    Redeclaring text symbol \textquotesingle (encoding TS1) on input line 80.
LaTeX Encoding Info:    Redeclaring text command \textasteriskcentered (encoding TS1) on input line 81.
LaTeX Encoding Info:    Redeclaring text symbol \textdblhyphen (encoding TS1) on input line 92.
LaTeX Encoding Info:    Redeclaring text symbol \textfractionsolidus (encoding TS1) on input line 93.
LaTeX Encoding Info:    Redeclaring text symbol \textzerooldstyle (encoding TS1) on input line 94.
LaTeX Encoding Info:    Redeclaring text symbol \textoneoldstyle (encoding TS1) on input line 95.
LaTeX Encoding Info:    Redeclaring text symbol \texttwooldstyle (encoding TS1) on input line 96.
LaTeX Encoding Info:    Redeclaring text symbol \textthreeoldstyle (encoding TS1) on input line 97.
LaTeX Encoding Info:    Redeclaring text symbol \textfouroldstyle (encoding TS1) on input line 98.
LaTeX Encoding Info:    Redeclaring text symbol \textfiveoldstyle (encoding TS1) on input line 99.
LaTeX Encoding Info:    Redeclaring text symbol \textsixoldstyle (encoding TS1) on input line 100.
LaTeX Encoding Info:    Redeclaring text symbol \textsevenoldstyle (encoding TS1) on input line 101.
LaTeX Encoding Info:    Redeclaring text symbol \texteightoldstyle (encoding TS1) on input line 102.
LaTeX Encoding Info:    Redeclaring text symbol \textnineoldstyle (encoding TS1) on input line 103.
LaTeX Encoding Info:    Redeclaring text symbol \textlangle (encoding TS1) on input line 104.
LaTeX Encoding Info:    Redeclaring text symbol \textminus (encoding TS1) on input line 105.
LaTeX Encoding Info:    Redeclaring text symbol \textrangle (encoding TS1) on input line 106.
LaTeX Encoding Info:    Redeclaring text symbol \textmho (encoding TS1) on input line 107.
LaTeX Encoding Info:    Redeclaring text symbol \textbigcircle (encoding TS1) on input line 108.
LaTeX Encoding Info:    Redeclaring text command \textcircled (encoding TS1) on input line 109.
LaTeX Encoding Info:    Redeclaring text symbol \textohm (encoding TS1) on input line 115.
LaTeX Encoding Info:    Redeclaring text symbol \textlbrackdbl (encoding TS1) on input line 116.
LaTeX Encoding Info:    Redeclaring text symbol \textrbrackdbl (encoding TS1) on input line 117.
LaTeX Encoding Info:    Redeclaring text symbol \textuparrow (encoding TS1) on input line 118.
LaTeX Encoding Info:    Redeclaring text symbol \textdownarrow (encoding TS1) on input line 119.
LaTeX Encoding Info:    Redeclaring text symbol \textasciigrave (encoding TS1) on input line 120.
LaTeX Encoding Info:    Redeclaring text symbol \textborn (encoding TS1) on input line 121.
LaTeX Encoding Info:    Redeclaring text symbol \textdivorced (encoding TS1) on input line 122.
LaTeX Encoding Info:    Redeclaring text symbol \textdied (encoding TS1) on input line 123.
LaTeX Encoding Info:    Redeclaring text symbol \textleaf (encoding TS1) on input line 124.
LaTeX Encoding Info:    Redeclaring text symbol \textmarried (encoding TS1) on input line 125.
LaTeX Encoding Info:    Redeclaring text symbol \textmusicalnote (encoding TS1) on input line 126.
LaTeX Encoding Info:    Redeclaring text symbol \texttildelow (encoding TS1) on input line 127.
LaTeX Encoding Info:    Redeclaring text symbol \textdblhyphenchar (encoding TS1) on input line 128.
LaTeX Encoding Info:    Redeclaring text symbol \textasciibreve (encoding TS1) on input line 129.
LaTeX Encoding Info:    Redeclaring text symbol \textasciicaron (encoding TS1) on input line 130.
LaTeX Encoding Info:    Redeclaring text symbol \textacutedbl (encoding TS1) on input line 131.
LaTeX Encoding Info:    Redeclaring text symbol \textgravedbl (encoding TS1) on input line 132.
LaTeX Encoding Info:    Redeclaring text symbol \textdagger (encoding TS1) on input line 133.
LaTeX Encoding Info:    Redeclaring text symbol \textdaggerdbl (encoding TS1) on input line 134.
LaTeX Encoding Info:    Redeclaring text symbol \textbardbl (encoding TS1) on input line 135.
LaTeX Encoding Info:    Redeclaring text symbol \textperthousand (encoding TS1) on input line 136.
LaTeX Encoding Info:    Redeclaring text symbol \textbullet (encoding TS1) on input line 137.
LaTeX Encoding Info:    Redeclaring text symbol \textcelsius (encoding TS1) on input line 138.
LaTeX Encoding Info:    Redeclaring text symbol \textdollaroldstyle (encoding TS1) on input line 139.
LaTeX Encoding Info:    Redeclaring text symbol \textcentoldstyle (encoding TS1) on input line 140.
LaTeX Encoding Info:    Redeclaring text symbol \textflorin (encoding TS1) on input line 141.
LaTeX Encoding Info:    Redeclaring text symbol \textcolonmonetary (encoding TS1) on input line 142.
LaTeX Encoding Info:    Redeclaring text symbol \textwon (encoding TS1) on input line 143.
LaTeX Encoding Info:    Redeclaring text symbol \textnaira (encoding TS1) on input line 144.
LaTeX Encoding Info:    Redeclaring text symbol \textguarani (encoding TS1) on input line 145.
LaTeX Encoding Info:    Redeclaring text symbol \textpeso (encoding TS1) on input line 146.
LaTeX Encoding Info:    Redeclaring text symbol \textlira (encoding TS1) on input line 147.
LaTeX Encoding Info:    Redeclaring text symbol \textrecipe (encoding TS1) on input line 148.
LaTeX Encoding Info:    Redeclaring text symbol \textinterrobang (encoding TS1) on input line 149.
LaTeX Encoding Info:    Redeclaring text symbol \textinterrobangdown (encoding TS1) on input line 150.
LaTeX Encoding Info:    Redeclaring text symbol \textdong (encoding TS1) on input line 151.
LaTeX Encoding Info:    Redeclaring text symbol \texttrademark (encoding TS1) on input line 152.
LaTeX Encoding Info:    Redeclaring text symbol \textpertenthousand (encoding TS1) on input line 153.
LaTeX Encoding Info:    Redeclaring text symbol \textpilcrow (encoding TS1) on input line 154.
LaTeX Encoding Info:    Redeclaring text symbol \textbaht (encoding TS1) on input line 155.
LaTeX Encoding Info:    Redeclaring text symbol \textnumero (encoding TS1) on input line 156.
LaTeX Encoding Info:    Redeclaring text symbol \textdiscount (encoding TS1) on input line 157.
LaTeX Encoding Info:    Redeclaring text symbol \textestimated (encoding TS1) on input line 158.
LaTeX Encoding Info:    Redeclaring text symbol \textopenbullet (encoding TS1) on input line 159.
LaTeX Encoding Info:    Redeclaring text symbol \textservicemark (encoding TS1) on input line 160.
LaTeX Encoding Info:    Redeclaring text symbol \textlquill (encoding TS1) on input line 161.
LaTeX Encoding Info:    Redeclaring text symbol \textrquill (encoding TS1) on input line 162.
LaTeX Encoding Info:    Redeclaring text symbol \textcent (encoding TS1) on input line 163.
LaTeX Encoding Info:    Redeclaring text symbol \textsterling (encoding TS1) on input line 164.
LaTeX Encoding Info:    Redeclaring text symbol \textcurrency (encoding TS1) on input line 165.
LaTeX Encoding Info:    Redeclaring text symbol \textyen (encoding TS1) on input line 166.
LaTeX Encoding Info:    Redeclaring text symbol \textbrokenbar (encoding TS1) on input line 167.
LaTeX Encoding Info:    Redeclaring text symbol \textsection (encoding TS1) on input line 168.
LaTeX Encoding Info:    Redeclaring text symbol \textasciidieresis (encoding TS1) on input line 169.
LaTeX Encoding Info:    Redeclaring text symbol \textcopyright (encoding TS1) on input line 170.
LaTeX Encoding Info:    Redeclaring text symbol \textordfeminine (encoding TS1) on input line 171.
LaTeX Encoding Info:    Redeclaring text symbol \textcopyleft (encoding TS1) on input line 172.
LaTeX Encoding Info:    Redeclaring text symbol \textlnot (encoding TS1) on input line 173.
LaTeX Encoding Info:    Redeclaring text symbol \textcircledP (encoding TS1) on input line 174.
LaTeX Encoding Info:    Redeclaring text symbol \textregistered (encoding TS1) on input line 175.
LaTeX Encoding Info:    Redeclaring text symbol \textasciimacron (encoding TS1) on input line 176.
LaTeX Encoding Info:    Redeclaring text symbol \textdegree (encoding TS1) on input line 177.
LaTeX Encoding Info:    Redeclaring text symbol \textpm (encoding TS1) on input line 178.
LaTeX Encoding Info:    Redeclaring text symbol \texttwosuperior (encoding TS1) on input line 179.
LaTeX Encoding Info:    Redeclaring text symbol \textthreesuperior (encoding TS1) on input line 180.
LaTeX Encoding Info:    Redeclaring text symbol \textasciiacute (encoding TS1) on input line 181.
LaTeX Encoding Info:    Redeclaring text symbol \textmu (encoding TS1) on input line 182.
LaTeX Encoding Info:    Redeclaring text symbol \textparagraph (encoding TS1) on input line 183.
LaTeX Encoding Info:    Redeclaring text symbol \textperiodcentered (encoding TS1) on input line 184.
LaTeX Encoding Info:    Redeclaring text symbol \textreferencemark (encoding TS1) on input line 185.
LaTeX Encoding Info:    Redeclaring text symbol \textonesuperior (encoding TS1) on input line 186.
LaTeX Encoding Info:    Redeclaring text symbol \textordmasculine (encoding TS1) on input line 187.
LaTeX Encoding Info:    Redeclaring text symbol \textsurd (encoding TS1) on input line 188.
LaTeX Encoding Info:    Redeclaring text symbol \textonequarter (encoding TS1) on input line 189.
LaTeX Encoding Info:    Redeclaring text symbol \textonehalf (encoding TS1) on input line 190.
LaTeX Encoding Info:    Redeclaring text symbol \textthreequarters (encoding TS1) on input line 191.
LaTeX Encoding Info:    Redeclaring text symbol \texteuro (encoding TS1) on input line 192.
LaTeX Encoding Info:    Redeclaring text symbol \texttimes (encoding TS1) on input line 193.
LaTeX Encoding Info:    Redeclaring text symbol \textdiv (encoding TS1) on input line 194.
)) (c:/Users/UniversoAndante/AppData/Roaming/TinyTeX/texmf-dist/tex/lualatex/lualatex-math/lualatex-math.sty
Package: lualatex-math 2022/01/01 v1.12 Patches for mathematics typesetting with LuaLaTeX
(c:/Users/UniversoAndante/AppData/Roaming/TinyTeX/texmf-dist/tex/latex/etoolbox/etoolbox.sty
Package: etoolbox 2025/10/02 v2.5m e-TeX tools for LaTeX (JAW)
\etb@tempcnta=\count311
)
Lua module: lualatex-math 2013/08/03 v1.3 Patches for mathematics typesetting with LuaLaTeX)
\g__um_fam_int=\count312
\g__um_fonts_used_int=\count313
\l__um_primecount_int=\count314
\g__um_primekern_muskip=\muskip18
(c:/Users/UniversoAndante/AppData/Roaming/TinyTeX/texmf-dist/tex/latex/unicode-math/unicode-math-table.tex))) (c:/Users/UniversoAndante/AppData/Roaming/TinyTeX/texmf-dist/tex/latex/lm/lmodern.sty
Package: lmodern 2015/05/01 v1.6.1 Latin Modern Fonts
LaTeX Font Info:    Overwriting symbol font `operators' in version `normal'
(Font)                  OT1/cmr/m/n --> OT1/lmr/m/n on input line 22.
LaTeX Font Info:    Overwriting symbol font `letters' in version `normal'
(Font)                  OML/cmm/m/it --> OML/lmm/m/it on input line 23.
LaTeX Font Info:    Overwriting symbol font `symbols' in version `normal'
(Font)                  OMS/cmsy/m/n --> OMS/lmsy/m/n on input line 24.
LaTeX Font Info:    Overwriting symbol font `largesymbols' in version `normal'
(Font)                  OMX/cmex/m/n --> OMX/lmex/m/n on input line 25.
LaTeX Font Info:    Overwriting symbol font `operators' in version `bold'
(Font)                  OT1/cmr/bx/n --> OT1/lmr/bx/n on input line 26.
LaTeX Font Info:    Overwriting symbol font `letters' in version `bold'
(Font)                  OML/cmm/b/it --> OML/lmm/b/it on input line 27.
LaTeX Font Info:    Overwriting symbol font `symbols' in version `bold'
(Font)                  OMS/cmsy/b/n --> OMS/lmsy/b/n on input line 28.
LaTeX Font Info:    Overwriting symbol font `largesymbols' in version `bold'
(Font)                  OMX/cmex/m/n --> OMX/lmex/m/n on input line 29.
LaTeX Font Info:    Overwriting math alphabet `\mathbf' in version `normal'
(Font)                  OT1/cmr/bx/n --> OT1/lmr/bx/n on input line 31.
LaTeX Font Info:    Overwriting math alphabet `\mathsf' in version `normal'
(Font)                  OT1/cmss/m/n --> OT1/lmss/m/n on input line 32.
LaTeX Font Info:    Overwriting math alphabet `\mathit' in version `normal'
(Font)                  OT1/cmr/m/it --> OT1/lmr/m/it on input line 33.
LaTeX Font Info:    Overwriting math alphabet `\mathtt' in version `normal'
(Font)                  OT1/cmtt/m/n --> OT1/lmtt/m/n on input line 34.
LaTeX Font Info:    Overwriting math alphabet `\mathbf' in version `bold'
(Font)                  OT1/cmr/bx/n --> OT1/lmr/bx/n on input line 35.
LaTeX Font Info:    Overwriting math alphabet `\mathsf' in version `bold'
(Font)                  OT1/cmss/bx/n --> OT1/lmss/bx/n on input line 36.
LaTeX Font Info:    Overwriting math alphabet `\mathit' in version `bold'
(Font)                  OT1/cmr/bx/it --> OT1/lmr/bx/it on input line 37.
LaTeX Font Info:    Overwriting math alphabet `\mathtt' in version `bold'
(Font)                  OT1/cmtt/m/n --> OT1/lmtt/m/n on input line 38.
) (c:/Users/UniversoAndante/AppData/Roaming/TinyTeX/texmf-dist/tex/latex/upquote/upquote.sty
Package: upquote 2012/04/19 v1.3 upright-quote and grave-accent glyphs in verbatim
(c:/Users/UniversoAndante/AppData/Roaming/TinyTeX/texmf-dist/tex/latex/base/textcomp.sty
Package: textcomp 2024/04/24 v2.1b Standard LaTeX package
)) (c:/Users/UniversoAndante/AppData/Roaming/TinyTeX/texmf-dist/tex/latex/microtype/microtype.sty
Package: microtype 2026/03/01 v3.2d Micro-typographical refinements (RS)
\MT@toks=\toks24
\MT@tempbox=\box57
\MT@count=\count315
LaTeX Info: Redefining \noprotrusionifhmode on input line 1084.
LaTeX Info: Redefining \leftprotrusion on input line 1085.
\MT@prot@toks=\toks25
LaTeX Info: Redefining \rightprotrusion on input line 1104.
LaTeX Info: Redefining \textls on input line 1449.
\MT@outer@kern=\dimen170
LaTeX Info: Redefining \microtypecontext on input line 2053.
LaTeX Info: Redefining \textmicrotypecontext on input line 2070.
\MT@listname@count=\count316
(c:/Users/UniversoAndante/AppData/Roaming/TinyTeX/texmf-dist/tex/latex/microtype/microtype-luatex.def
File: microtype-luatex.def 2026/03/01 v3.2d Definitions specific to luatex (RS)
Lua module: microtype 2026/03/01 v3.2d microtype module.
Module microtype Info: overwriting function `keepligature' on input line 63
LaTeX Info: Redefining \lsstyle on input line 779.
LaTeX Info: Redefining \lslig on input line 779.
\MT@outer@space=\skip69
)
Package microtype Info: Loading configuration file microtype.cfg.
(c:/Users/UniversoAndante/AppData/Roaming/TinyTeX/texmf-dist/tex/latex/microtype/microtype.cfg
File: microtype.cfg 2026/03/01 v3.2d microtype main configuration file (RS)
)
LaTeX Info: Redefining \microtypesetup on input line 3065.
) (c:/Users/UniversoAndante/AppData/Roaming/TinyTeX/texmf-dist/tex/latex/tools/longtable.sty
Package: longtable 2026-01-28 v4.27 Multi-page Table package (DPC)
\LTleft=\skip70
\LTright=\skip71
\LTpre=\skip72
\LTpost=\skip73
\LTchunksize=\count317
\LTcapwidth=\dimen171
\LT@head=\box58
\LT@firsthead=\box59
\LT@foot=\box60
\LT@lastfoot=\box61
\LT@gbox=\box62
\LT@cols=\count318
\LT@rows=\count319
\c@LT@tables=\count320
\c@LT@chunks=\count321
\LT@p@ftn=\toks26
)
Class scrbook Info: longtable captions redefined on input line 71.
(c:/Users/UniversoAndante/AppData/Roaming/TinyTeX/texmf-dist/tex/latex/booktabs/booktabs.sty
Package: booktabs 2020/01/12 v1.61803398 Publication quality tables
\heavyrulewidth=\dimen172
\lightrulewidth=\dimen173
\cmidrulewidth=\dimen174
\belowrulesep=\dimen175
\belowbottomsep=\dimen176
\aboverulesep=\dimen177
\abovetopsep=\dimen178
\cmidrulesep=\dimen179
\cmidrulekern=\dimen180
\defaultaddspace=\dimen181
\@cmidla=\count322
\@cmidlb=\count323
\@aboverulesep=\dimen182
\@belowrulesep=\dimen183
\@thisruleclass=\count324
\@lastruleclass=\count325
\@thisrulewidth=\dimen184
) (c:/Users/UniversoAndante/AppData/Roaming/TinyTeX/texmf-dist/tex/latex/tools/array.sty
Package: array 2026/02/24 v2.7b Tabular extension package (FMi)
\col@sep=\dimen185
\ar@mcellbox=\box63
\extrarowheight=\dimen186
\NC@list=\toks27
\extratabsurround=\skip74
\backup@length=\skip75
\ar@cellbox=\box64
)
\c@none=\count326
(c:/Users/UniversoAndante/AppData/Roaming/TinyTeX/texmf-dist/tex/latex/tools/calc.sty
Package: calc 2025/03/01 v4.3b Infix arithmetic (KKT,FJ)
\calc@Acount=\count327
\calc@Bcount=\count328
\calc@Adimen=\dimen187
\calc@Bdimen=\dimen188
\calc@Askip=\skip76
\calc@Bskip=\skip77
LaTeX Info: Redefining \setlength on input line 86.
LaTeX Info: Redefining \addtolength on input line 87.
\calc@Ccount=\count329
\calc@Cskip=\skip78
) (c:/Users/UniversoAndante/AppData/Roaming/TinyTeX/texmf-dist/tex/latex/mdwtools/footnote.sty
Package: footnote 1997/01/28 1.13 Save footnotes around boxes
\fn@notes=\box65
\fn@width=\dimen189
) (c:/Users/UniversoAndante/AppData/Roaming/TinyTeX/texmf-dist/tex/latex/graphics/graphicx.sty
Package: graphicx 2026-05-17 v1.2e Enhanced LaTeX Graphics (DPC,SPQR)
(c:/Users/UniversoAndante/AppData/Roaming/TinyTeX/texmf-dist/tex/latex/graphics/graphics.sty
Package: graphics 2026-05-17 v1.4h Standard LaTeX Graphics (DPC,SPQR)
(c:/Users/UniversoAndante/AppData/Roaming/TinyTeX/texmf-dist/tex/latex/graphics/trig.sty
Package: trig 2023/12/02 v1.11 sin cos tan (DPC)
) (c:/Users/UniversoAndante/AppData/Roaming/TinyTeX/texmf-dist/tex/latex/graphics-cfg/graphics.cfg
File: graphics.cfg 2016/06/04 v1.11 sample graphics configuration
)
Package graphics Info: Driver file: luatex.def on input line 106.
)
\Gin@req@height=\dimen190
\Gin@req@width=\dimen191
)
\pandoc@box=\box66
(c:/Users/UniversoAndante/AppData/Roaming/TinyTeX/texmf-dist/tex/generic/babel/babel.sty
Package: babel 2026/08/21 v26.11 The multilingual framework for LuaLaTeX, pdfLaTeX and XeLaTeX
(c:/Users/UniversoAndante/AppData/Roaming/TinyTeX/texmf-dist/tex/generic/babel/luababel.def
\bbl@readstream=\read2
\l@dumylang=\language2
Package babel Info: Non-standard hyphenation setup on input line 118.
\l@nohyphenation=\language3
\l@ukenglish=\language4
\l@usenglishmax=\language5
\l@french=\language6
\l@spanish=\language7
\babelcatcodetablenum=\catcodetable15
\bbl@pattcodes=\catcodetable16
)
\babel@savecnt=\count330
LaTeX Encoding Info:    Redeclaring text command \ij (encoding OT1) on input line 2105.
LaTeX Encoding Info:    Redeclaring text command \IJ (encoding OT1) on input line 2107.
LaTeX Encoding Info:    Redeclaring text command \ij (encoding T1) on input line 2109.
LaTeX Encoding Info:    Redeclaring text command \IJ (encoding T1) on input line 2110.
LaTeX Encoding Info:    Ignoring declaration for text command \ij (encoding ?) on input line 2111.
LaTeX Encoding Info:    Ignoring declaration for text command \IJ (encoding ?) on input line 2113.
LaTeX Encoding Info:    Ignoring declaration for text command \SS (encoding ?) on input line 2138.
\U@D=\dimen192
\l@unhyphenated=\language8
(c:/Users/UniversoAndante/AppData/Roaming/TinyTeX/texmf-dist/tex/generic/babel/luababel.def
\bbl@attr@locale=\attribute4
(c:/Users/UniversoAndante/AppData/Roaming/TinyTeX/texmf-dist/tex/luatex/luatexbase/luatexbase.sty
Package: luatexbase 2015/10/04 v1.3 luatexbase interface to LuaTeX 
(c:/Users/UniversoAndante/AppData/Roaming/TinyTeX/texmf-dist/tex/luatex/ctablestack/ctablestack.sty
Package: ctablestack 2015/10/01 v1.0 Catcode table stable support
\@catcodetablestackcnt=\count331
)
\CatcodeTableOther=\catcodetable17
\CatcodeTableExpl=\catcodetable18
)
Removing  `luaotfload.node_processor' from `pre_linebreak_filter'.
Inserting `Babel.pre_otfload_v' in `pre_linebreak_filter'.
Inserting `luaotfload.node_processor' in `pre_linebreak_filter'.
Removing  `luaotfload.node_processor' from `hpack_filter'.
Removing  `luaotfload.harf.finalize_hlist' from `hpack_filter'.
Inserting `Babel.pre_otfload_h' in `hpack_filter'.
Inserting `luaotfload.node_processor' in `hpack_filter'.
Inserting `luaotfload.harf.finalize_hlist' in `hpack_filter'.
\bbl@attr@dir=\attribute5
) (c:/Users/UniversoAndante/AppData/Roaming/TinyTeX/texmf-dist/tex/generic/babel/locale/es/babel-spanish.tex)
Package babel Info: Importing font and identification data for 'spanish'
(babel)             from babel-es.ini. Reported on input line 4460.
(c:/Users/UniversoAndante/AppData/Roaming/TinyTeX/texmf-dist/tex/generic/babel-spanish/spanish.ldf
Language: spanish.ldf 2021/05/27 v5.0q Spanish support from the babel system
\es@quottoks=\toks28
\es@quotdepth=\count332
(c:/Users/UniversoAndante/AppData/Roaming/TinyTeX/texmf-dist/tex/generic/hyph-utf8/loadhyph/loadhyph-es.tex UTF-8 Spanish hyphenation patterns (c:/Users/UniversoAndante/AppData/Roaming/TinyTeX/texmf-dist/tex/generic/hyph-utf8/patterns/tex/hyph-es.tex))))
LaTeX Encoding Info:    Redeclaring text command \guillemotleft (encoding OT1) on input line 101.
LaTeX Encoding Info:    Redeclaring text command \guillemotright (encoding OT1) on input line 101.
(c:/Users/UniversoAndante/AppData/Roaming/TinyTeX/texmf-dist/tex/lualatex/selnolig/selnolig.sty
=== Package selnolig, Version 0.302, Date 2015/10/26 ===
Package: selnolig 2015/10/26
(c:/Users/UniversoAndante/AppData/Roaming/TinyTeX/texmf-dist/tex/generic/iftex/ifluatex.sty
Package: ifluatex 2019/10/25 v1.5 ifluatex legacy package. Use iftex instead.
)
Inserting `Suppress ligatures selectively' in `ligaturing'.) (c:/Users/UniversoAndante/AppData/Roaming/TinyTeX/texmf-dist/tex/latex/caption/caption.sty
Package: caption 2023/08/05 v3.6o Customizing captions (AR)

Package tocbasic Info: Loading of class-dependent code for package caption3
(tocbasic)             prevented on line 50.

(c:/Users/UniversoAndante/AppData/Roaming/TinyTeX/texmf-dist/tex/latex/caption/caption3.sty
Package: caption3 2023/07/31 v2.4d caption3 kernel (AR)
\caption@tempdima=\dimen193
\captionmargin=\dimen194
\caption@leftmargin=\dimen195
\caption@rightmargin=\dimen196
\caption@width=\dimen197
\caption@indent=\dimen198
\caption@parindent=\dimen199
\caption@hangindent=\dimen256
)
\c@caption@flags=\count333
\c@continuedfloat=\count334
Package caption Info: longtable package is loaded.
(c:/Users/UniversoAndante/AppData/Roaming/TinyTeX/texmf-dist/tex/latex/caption/ltcaption.sty
Package: ltcaption 2021/01/08 v1.4c longtable captions (AR)
)) (c:/Users/UniversoAndante/AppData/Roaming/TinyTeX/texmf-dist/tex/latex/tcolorbox/tcolorbox.sty
Package: tcolorbox 2026/05/28 version 6.10.0 text color boxes
(c:/Users/UniversoAndante/AppData/Roaming/TinyTeX/texmf-dist/tex/latex/pgf/frontendlayer/tikz.sty (c:/Users/UniversoAndante/AppData/Roaming/TinyTeX/texmf-dist/tex/latex/pgf/basiclayer/pgf.sty (c:/Users/UniversoAndante/AppData/Roaming/TinyTeX/texmf-dist/tex/latex/pgf/utilities/pgfrcs.sty (c:/Users/UniversoAndante/AppData/Roaming/TinyTeX/texmf-dist/tex/generic/pgf/utilities/pgfutil-common.tex
\pgfutil@everybye=\toks29
\pgfutil@tempdima=\dimen257
\pgfutil@tempdimb=\dimen258
) (c:/Users/UniversoAndante/AppData/Roaming/TinyTeX/texmf-dist/tex/generic/pgf/utilities/pgfutil-latex.def
\pgfutil@abb=\box67
) (c:/Users/UniversoAndante/AppData/Roaming/TinyTeX/texmf-dist/tex/generic/pgf/utilities/pgfrcs.code.tex (c:/Users/UniversoAndante/AppData/Roaming/TinyTeX/texmf-dist/tex/generic/pgf/pgf.revision.tex)
Package: pgfrcs 2026-08-01 v3.1.12 (3.1.12)
))
Package: pgf 2026-08-01 v3.1.12 (3.1.12)
(c:/Users/UniversoAndante/AppData/Roaming/TinyTeX/texmf-dist/tex/latex/pgf/basiclayer/pgfcore.sty (c:/Users/UniversoAndante/AppData/Roaming/TinyTeX/texmf-dist/tex/latex/pgf/systemlayer/pgfsys.sty (c:/Users/UniversoAndante/AppData/Roaming/TinyTeX/texmf-dist/tex/generic/pgf/systemlayer/pgfsys.code.tex
Package: pgfsys 2026-08-01 v3.1.12 (3.1.12)
(c:/Users/UniversoAndante/AppData/Roaming/TinyTeX/texmf-dist/tex/generic/pgf/utilities/pgfkeys.code.tex
\pgfkeys@pathtoks=\toks30
\pgfkeys@temptoks=\toks31
(c:/Users/UniversoAndante/AppData/Roaming/TinyTeX/texmf-dist/tex/generic/pgf/utilities/pgfkeyslibraryfiltered.code.tex
\pgfkeys@tmptoks=\toks32
))
\pgf@x=\dimen259
\pgf@y=\dimen260
\pgf@xa=\dimen261
\pgf@ya=\dimen262
\pgf@xb=\dimen263
\pgf@yb=\dimen264
\pgf@xc=\dimen265
\pgf@yc=\dimen266
\pgf@xd=\dimen267
\pgf@yd=\dimen268
\w@pgf@writea=\write3
\r@pgf@reada=\read3
\c@pgf@counta=\count335
\c@pgf@countb=\count336
\c@pgf@countc=\count337
\c@pgf@countd=\count338
\t@pgf@toka=\toks33
\t@pgf@tokb=\toks34
\t@pgf@tokc=\toks35
\pgf@sys@id@count=\count339
Lua function pgfsys@strcmp = 31 (c:/Users/UniversoAndante/AppData/Roaming/TinyTeX/texmf-dist/tex/generic/pgf/systemlayer/pgf.cfg
File: pgf.cfg 2026-08-01 v3.1.12 (3.1.12)
)
Driver file for pgf: pgfsys-luatex.def
(c:/Users/UniversoAndante/AppData/Roaming/TinyTeX/texmf-dist/tex/generic/pgf/systemlayer/pgfsys-luatex.def
File: pgfsys-luatex.def 2026-08-01 v3.1.12 (3.1.12)
(c:/Users/UniversoAndante/AppData/Roaming/TinyTeX/texmf-dist/tex/generic/pgf/systemlayer/pgfsys-common-pdf.def
File: pgfsys-common-pdf.def 2026-08-01 v3.1.12 (3.1.12)
))) (c:/Users/UniversoAndante/AppData/Roaming/TinyTeX/texmf-dist/tex/generic/pgf/systemlayer/pgfsyssoftpath.code.tex
File: pgfsyssoftpath.code.tex 2026-08-01 v3.1.12 (3.1.12)
\pgfsyssoftpath@smallbuffer@items=\count340
\pgfsyssoftpath@bigbuffer@items=\count341
) (c:/Users/UniversoAndante/AppData/Roaming/TinyTeX/texmf-dist/tex/generic/pgf/systemlayer/pgfsysprotocol.code.tex
File: pgfsysprotocol.code.tex 2026-08-01 v3.1.12 (3.1.12)
)) (c:/Users/UniversoAndante/AppData/Roaming/TinyTeX/texmf-dist/tex/generic/pgf/basiclayer/pgfcore.code.tex
Package: pgfcore 2026-08-01 v3.1.12 (3.1.12)
(c:/Users/UniversoAndante/AppData/Roaming/TinyTeX/texmf-dist/tex/generic/pgf/math/pgfmath.code.tex (c:/Users/UniversoAndante/AppData/Roaming/TinyTeX/texmf-dist/tex/generic/pgf/math/pgfmathutil.code.tex) (c:/Users/UniversoAndante/AppData/Roaming/TinyTeX/texmf-dist/tex/generic/pgf/math/pgfmathparser.code.tex
\pgfmath@dimen=\dimen269
\pgfmath@count=\count342
\pgfmath@box=\box68
\pgfmath@toks=\toks36
\pgfmath@stack@operand=\toks37
\pgfmath@stack@operation=\toks38
) (c:/Users/UniversoAndante/AppData/Roaming/TinyTeX/texmf-dist/tex/generic/pgf/math/pgfmathfunctions.code.tex) (c:/Users/UniversoAndante/AppData/Roaming/TinyTeX/texmf-dist/tex/generic/pgf/math/pgfmathfunctions.basic.code.tex) (c:/Users/UniversoAndante/AppData/Roaming/TinyTeX/texmf-dist/tex/generic/pgf/math/pgfmathfunctions.trigonometric.code.tex) (c:/Users/UniversoAndante/AppData/Roaming/TinyTeX/texmf-dist/tex/generic/pgf/math/pgfmathfunctions.random.code.tex) (c:/Users/UniversoAndante/AppData/Roaming/TinyTeX/texmf-dist/tex/generic/pgf/math/pgfmathfunctions.comparison.code.tex) (c:/Users/UniversoAndante/AppData/Roaming/TinyTeX/texmf-dist/tex/generic/pgf/math/pgfmathfunctions.base.code.tex) (c:/Users/UniversoAndante/AppData/Roaming/TinyTeX/texmf-dist/tex/generic/pgf/math/pgfmathfunctions.round.code.tex) (c:/Users/UniversoAndante/AppData/Roaming/TinyTeX/texmf-dist/tex/generic/pgf/math/pgfmathfunctions.misc.code.tex) (c:/Users/UniversoAndante/AppData/Roaming/TinyTeX/texmf-dist/tex/generic/pgf/math/pgfmathfunctions.integerarithmetics.code.tex) (c:/Users/UniversoAndante/AppData/Roaming/TinyTeX/texmf-dist/tex/generic/pgf/math/pgfmathcalc.code.tex) (c:/Users/UniversoAndante/AppData/Roaming/TinyTeX/texmf-dist/tex/generic/pgf/math/pgfmathfloat.code.tex
\c@pgfmathroundto@lastzeros=\count343
)) (c:/Users/UniversoAndante/AppData/Roaming/TinyTeX/texmf-dist/tex/generic/pgf/math/pgfint.code.tex) (c:/Users/UniversoAndante/AppData/Roaming/TinyTeX/texmf-dist/tex/generic/pgf/basiclayer/pgfcorepoints.code.tex
File: pgfcorepoints.code.tex 2026-08-01 v3.1.12 (3.1.12)
\pgf@picminx=\dimen270
\pgf@picmaxx=\dimen271
\pgf@picminy=\dimen272
\pgf@picmaxy=\dimen273
\pgf@pathminx=\dimen274
\pgf@pathmaxx=\dimen275
\pgf@pathminy=\dimen276
\pgf@pathmaxy=\dimen277
\pgf@xx=\dimen278
\pgf@xy=\dimen279
\pgf@yx=\dimen280
\pgf@yy=\dimen281
\pgf@zx=\dimen282
\pgf@zy=\dimen283
) (c:/Users/UniversoAndante/AppData/Roaming/TinyTeX/texmf-dist/tex/generic/pgf/basiclayer/pgfcorepathconstruct.code.tex
File: pgfcorepathconstruct.code.tex 2026-08-01 v3.1.12 (3.1.12)
\pgf@path@lastx=\dimen284
\pgf@path@lasty=\dimen285
) (c:/Users/UniversoAndante/AppData/Roaming/TinyTeX/texmf-dist/tex/generic/pgf/basiclayer/pgfcorepathusage.code.tex
File: pgfcorepathusage.code.tex 2026-08-01 v3.1.12 (3.1.12)
\pgf@shorten@end@additional=\dimen286
\pgf@shorten@start@additional=\dimen287
) (c:/Users/UniversoAndante/AppData/Roaming/TinyTeX/texmf-dist/tex/generic/pgf/basiclayer/pgfcorescopes.code.tex
File: pgfcorescopes.code.tex 2026-08-01 v3.1.12 (3.1.12)
\pgfpic=\box69
\pgf@hbox=\box70
\pgf@layerbox@main=\box71
\pgf@picture@serial@count=\count344
) (c:/Users/UniversoAndante/AppData/Roaming/TinyTeX/texmf-dist/tex/generic/pgf/basiclayer/pgfcoregraphicstate.code.tex
File: pgfcoregraphicstate.code.tex 2026-08-01 v3.1.12 (3.1.12)
\pgflinewidth=\dimen288
) (c:/Users/UniversoAndante/AppData/Roaming/TinyTeX/texmf-dist/tex/generic/pgf/basiclayer/pgfcoretransformations.code.tex
File: pgfcoretransformations.code.tex 2026-08-01 v3.1.12 (3.1.12)
\pgf@pt@x=\dimen289
\pgf@pt@y=\dimen290
\pgf@pt@temp=\dimen291
) (c:/Users/UniversoAndante/AppData/Roaming/TinyTeX/texmf-dist/tex/generic/pgf/basiclayer/pgfcorequick.code.tex
File: pgfcorequick.code.tex 2026-08-01 v3.1.12 (3.1.12)
) (c:/Users/UniversoAndante/AppData/Roaming/TinyTeX/texmf-dist/tex/generic/pgf/basiclayer/pgfcoreobjects.code.tex
File: pgfcoreobjects.code.tex 2026-08-01 v3.1.12 (3.1.12)
) (c:/Users/UniversoAndante/AppData/Roaming/TinyTeX/texmf-dist/tex/generic/pgf/basiclayer/pgfcorepathprocessing.code.tex
File: pgfcorepathprocessing.code.tex 2026-08-01 v3.1.12 (3.1.12)
) (c:/Users/UniversoAndante/AppData/Roaming/TinyTeX/texmf-dist/tex/generic/pgf/basiclayer/pgfcorearrows.code.tex
File: pgfcorearrows.code.tex 2026-08-01 v3.1.12 (3.1.12)
\pgfarrowsep=\dimen292
) (c:/Users/UniversoAndante/AppData/Roaming/TinyTeX/texmf-dist/tex/generic/pgf/basiclayer/pgfcoreshade.code.tex
File: pgfcoreshade.code.tex 2026-08-01 v3.1.12 (3.1.12)
\pgf@max=\dimen293
\pgf@sys@shading@range@num=\count345
\pgf@shadingcount=\count346
) (c:/Users/UniversoAndante/AppData/Roaming/TinyTeX/texmf-dist/tex/generic/pgf/basiclayer/pgfcoreimage.code.tex
File: pgfcoreimage.code.tex 2026-08-01 v3.1.12 (3.1.12)
) (c:/Users/UniversoAndante/AppData/Roaming/TinyTeX/texmf-dist/tex/generic/pgf/basiclayer/pgfcoreexternal.code.tex
File: pgfcoreexternal.code.tex 2026-08-01 v3.1.12 (3.1.12)
\pgfexternal@startupbox=\box72
) (c:/Users/UniversoAndante/AppData/Roaming/TinyTeX/texmf-dist/tex/generic/pgf/basiclayer/pgfcorelayers.code.tex
File: pgfcorelayers.code.tex 2026-08-01 v3.1.12 (3.1.12)
) (c:/Users/UniversoAndante/AppData/Roaming/TinyTeX/texmf-dist/tex/generic/pgf/basiclayer/pgfcoretransparency.code.tex
File: pgfcoretransparency.code.tex 2026-08-01 v3.1.12 (3.1.12)
) (c:/Users/UniversoAndante/AppData/Roaming/TinyTeX/texmf-dist/tex/generic/pgf/basiclayer/pgfcorepatterns.code.tex
File: pgfcorepatterns.code.tex 2026-08-01 v3.1.12 (3.1.12)
) (c:/Users/UniversoAndante/AppData/Roaming/TinyTeX/texmf-dist/tex/generic/pgf/basiclayer/pgfcorerdf.code.tex
File: pgfcorerdf.code.tex 2026-08-01 v3.1.12 (3.1.12)
))) (c:/Users/UniversoAndante/AppData/Roaming/TinyTeX/texmf-dist/tex/generic/pgf/modules/pgfmoduleshapes.code.tex
File: pgfmoduleshapes.code.tex 2026-08-01 v3.1.12 (3.1.12)
\pgfnodeparttextbox=\box73
) (c:/Users/UniversoAndante/AppData/Roaming/TinyTeX/texmf-dist/tex/generic/pgf/modules/pgfmoduleplot.code.tex
File: pgfmoduleplot.code.tex 2026-08-01 v3.1.12 (3.1.12)
) (c:/Users/UniversoAndante/AppData/Roaming/TinyTeX/texmf-dist/tex/latex/pgf/compatibility/pgfcomp-version-0-65.sty
Package: pgfcomp-version-0-65 2026-08-01 v3.1.12 (3.1.12)
\pgf@nodesepstart=\dimen294
\pgf@nodesepend=\dimen295
) (c:/Users/UniversoAndante/AppData/Roaming/TinyTeX/texmf-dist/tex/latex/pgf/compatibility/pgfcomp-version-1-18.sty
Package: pgfcomp-version-1-18 2026-08-01 v3.1.12 (3.1.12)
)) (c:/Users/UniversoAndante/AppData/Roaming/TinyTeX/texmf-dist/tex/latex/pgf/utilities/pgffor.sty (c:/Users/UniversoAndante/AppData/Roaming/TinyTeX/texmf-dist/tex/latex/pgf/utilities/pgfkeys.sty (c:/Users/UniversoAndante/AppData/Roaming/TinyTeX/texmf-dist/tex/generic/pgf/utilities/pgfkeys.code.tex)) (c:/Users/UniversoAndante/AppData/Roaming/TinyTeX/texmf-dist/tex/latex/pgf/math/pgfmath.sty (c:/Users/UniversoAndante/AppData/Roaming/TinyTeX/texmf-dist/tex/generic/pgf/math/pgfmath.code.tex)) (c:/Users/UniversoAndante/AppData/Roaming/TinyTeX/texmf-dist/tex/generic/pgf/utilities/pgffor.code.tex
Package: pgffor 2026-08-01 v3.1.12 (3.1.12)
\pgffor@iter=\dimen296
\pgffor@skip=\dimen297
\pgffor@stack=\toks39
\pgffor@toks=\toks40
)) (c:/Users/UniversoAndante/AppData/Roaming/TinyTeX/texmf-dist/tex/generic/pgf/frontendlayer/tikz/tikz.code.tex
Package: tikz 2026-08-01 v3.1.12 (3.1.12)
(c:/Users/UniversoAndante/AppData/Roaming/TinyTeX/texmf-dist/tex/generic/pgf/libraries/pgflibraryplothandlers.code.tex
File: pgflibraryplothandlers.code.tex 2026-08-01 v3.1.12 (3.1.12)
\pgf@plot@mark@count=\count347
\pgfplotmarksize=\dimen298
)
\tikz@lastx=\dimen299
\tikz@lasty=\dimen300
\tikz@lastxsaved=\dimen301
\tikz@lastysaved=\dimen302
\tikz@lastmovetox=\dimen303
\tikz@lastmovetoy=\dimen304
\tikzleveldistance=\dimen305
\tikzsiblingdistance=\dimen306
\tikz@figbox=\box74
\tikz@figbox@bg=\box75
\tikz@tempbox=\box76
\tikz@tempbox@bg=\box77
\tikztreelevel=\count348
\tikznumberofchildren=\count349
\tikznumberofcurrentchild=\count350
\tikz@fig@count=\count351
(c:/Users/UniversoAndante/AppData/Roaming/TinyTeX/texmf-dist/tex/generic/pgf/modules/pgfmodulematrix.code.tex
File: pgfmodulematrix.code.tex 2026-08-01 v3.1.12 (3.1.12)
\pgfmatrixcurrentrow=\count352
\pgfmatrixcurrentcolumn=\count353
\pgf@matrix@numberofcolumns=\count354
)
\tikz@expandcount=\count355
(c:/Users/UniversoAndante/AppData/Roaming/TinyTeX/texmf-dist/tex/generic/pgf/frontendlayer/tikz/libraries/tikzlibrarytopaths.code.tex
File: tikzlibrarytopaths.code.tex 2026-08-01 v3.1.12 (3.1.12)
))) (c:/Users/UniversoAndante/AppData/Roaming/TinyTeX/texmf-dist/tex/latex/tools/verbatim.sty
Package: verbatim 2024-01-22 v1.5x LaTeX2e package for verbatim enhancements
\every@verbatim=\toks41
\verbatim@line=\toks42
\verbatim@in@stream=\read4
) (c:/Users/UniversoAndante/AppData/Roaming/TinyTeX/texmf-dist/tex/latex/environ/environ.sty
Package: environ 2014/05/04 v0.3 A new way to define environments
(c:/Users/UniversoAndante/AppData/Roaming/TinyTeX/texmf-dist/tex/latex/trimspaces/trimspaces.sty
Package: trimspaces 2009/09/17 v1.1 Trim spaces around a token list
))
\tcb@titlebox=\box78
\tcb@upperbox=\box79
\tcb@lowerbox=\box80
\tcb@phantombox=\box81
\c@tcbbreakpart=\count356
\c@tcblayer=\count357
\c@tcolorbox@number=\count358
\l__tcobox_tmpa_box=\box82
\l__tcobox_tmpa_dim=\dimen307
\tcb@temp=\box83
\tcb@temp=\box84
\tcb@temp=\box85
\tcb@temp=\box86
(c:/Users/UniversoAndante/AppData/Roaming/TinyTeX/texmf-dist/tex/latex/tcolorbox/tcbskins.code.tex
Library (tcolorbox): 'tcbskins.code.tex' version '6.10.0'
(c:/Users/UniversoAndante/AppData/Roaming/TinyTeX/texmf-dist/tex/latex/tikzfill/tikzfill.image.sty
Package: tikzfill.image 2026/04/23 v1.2.0 Image filling library for TikZ
(c:/Users/UniversoAndante/AppData/Roaming/TinyTeX/texmf-dist/tex/latex/tikzfill/tikzlibraryfill.image.code.tex
File: tikzlibraryfill.image.code.tex 2026/04/23 v1.2.0 Image filling library
\l__tikzfill_tmpa_dim=\dimen308
\l__tikzfill_tmpb_dim=\dimen309
\l__tikzfill_img_box=\box87
)) (c:/Users/UniversoAndante/AppData/Roaming/TinyTeX/texmf-dist/tex/latex/tcolorbox/tcbskinsjigsaw.code.tex
Library (tcolorbox): 'tcbskinsjigsaw.code.tex' version '6.10.0'
)) (c:/Users/UniversoAndante/AppData/Roaming/TinyTeX/texmf-dist/tex/latex/tcolorbox/tcbbreakable.code.tex
Library (tcolorbox): 'tcbbreakable.code.tex' version '6.10.0'
(c:/Users/UniversoAndante/AppData/Roaming/TinyTeX/texmf-dist/tex/latex/pdfcol/pdfcol.sty
Package: pdfcol 2026-06-20 v1.8 Handle new color stacks for pdfTeX (HO)
(c:/Users/UniversoAndante/AppData/Roaming/TinyTeX/texmf-dist/tex/generic/ltxcmds/ltxcmds.sty
Package: ltxcmds 2023-12-04 v1.26 LaTeX kernel commands for general use (HO)
) (c:/Users/UniversoAndante/AppData/Roaming/TinyTeX/texmf-dist/tex/generic/infwarerr/infwarerr.sty
Package: infwarerr 2019/12/03 v1.5 Providing info/warning/error messages (HO)
))
Package pdfcol Info: New color stack `tcb@breakable' = 1 on input line 23.
\tcb@testbox=\box88
\tcb@totalupperbox=\box89
\tcb@totallowerbox=\box90
)) (c:/Users/UniversoAndante/AppData/Roaming/TinyTeX/texmf-dist/tex/latex/fontawesome5/fontawesome5.sty
Package: fontawesome5 2022/05/02 v5.15.4 Font Awesome 5
(c:/Users/UniversoAndante/AppData/Roaming/TinyTeX/texmf-dist/tex/latex/fontawesome5/fontawesome5-utex-helper.sty
Package: fontawesome5-utex-helper 2022/05/02 v5.15.4 uTeX helper for fontawesome5
LaTeX Font Info:    Trying to load font information for TU+fontawesomefree on input line 69.
(c:/Users/UniversoAndante/AppData/Roaming/TinyTeX/texmf-dist/tex/latex/fontawesome5/tufontawesomefree.fd)
LaTeX Font Info:    Trying to load font information for TU+fontawesomebrands on input line 70.
(c:/Users/UniversoAndante/AppData/Roaming/TinyTeX/texmf-dist/tex/latex/fontawesome5/tufontawesomebrands.fd))) (c:/Users/UniversoAndante/AppData/Roaming/TinyTeX/texmf-dist/tex/latex/bookmark/bookmark.sty
Package: bookmark 2026-05-21 v1.32 PDF bookmarks (HO)
(c:/Users/UniversoAndante/AppData/Roaming/TinyTeX/texmf-dist/tex/latex/hyperref/hyperref.sty
Package: hyperref 2026-06-17 v7.01r Hypertext links for LaTeX
(c:/Users/UniversoAndante/AppData/Roaming/TinyTeX/texmf-dist/tex/latex/kvsetkeys/kvsetkeys.sty
Package: kvsetkeys 2022-10-05 v1.19 Key value parser (HO)
) (c:/Users/UniversoAndante/AppData/Roaming/TinyTeX/texmf-dist/tex/generic/kvdefinekeys/kvdefinekeys.sty
Package: kvdefinekeys 2019-12-19 v1.6 Define keys (HO)
) (c:/Users/UniversoAndante/AppData/Roaming/TinyTeX/texmf-dist/tex/generic/pdfescape/pdfescape.sty
Package: pdfescape 2019/12/09 v1.15 Implements pdfTeX's escape features (HO)
(c:/Users/UniversoAndante/AppData/Roaming/TinyTeX/texmf-dist/tex/generic/pdftexcmds/pdftexcmds.sty
Package: pdftexcmds 2020-06-27 v0.33 Utility functions of pdfTeX for LuaTeX (HO)
Package pdftexcmds Info: \pdf@primitive is available.
Package pdftexcmds Info: \pdf@ifprimitive is available.
Package pdftexcmds Info: \pdfdraftmode found.
\pdftexcmds@toks=\toks43
)) (c:/Users/UniversoAndante/AppData/Roaming/TinyTeX/texmf-dist/tex/latex/hycolor/hycolor.sty
Package: hycolor 2020-01-27 v1.10 Color options for hyperref/bookmark (HO)
) (c:/Users/UniversoAndante/AppData/Roaming/TinyTeX/texmf-dist/tex/latex/hyperref/nameref.sty
Package: nameref 2026-01-29 v2.58 Cross-referencing by name of section
(c:/Users/UniversoAndante/AppData/Roaming/TinyTeX/texmf-dist/tex/latex/refcount/refcount.sty
Package: refcount 2019/12/15 v3.6 Data extraction from label references (HO)
) (c:/Users/UniversoAndante/AppData/Roaming/TinyTeX/texmf-dist/tex/generic/gettitlestring/gettitlestring.sty
Package: gettitlestring 2019/12/15 v1.6 Cleanup title references (HO)
(c:/Users/UniversoAndante/AppData/Roaming/TinyTeX/texmf-dist/tex/latex/kvoptions/kvoptions.sty
Package: kvoptions 2022-06-15 v3.15 Key value format for package options (HO)
))
\c@section@level=\count359
) (c:/Users/UniversoAndante/AppData/Roaming/TinyTeX/texmf-dist/tex/generic/stringenc/stringenc.sty
Package: stringenc 2019/11/29 v1.12 Convert strings between diff. encodings (HO)
)
\@linkdim=\dimen310
\Hy@linkcounter=\count360
\Hy@pagecounter=\count361
(c:/Users/UniversoAndante/AppData/Roaming/TinyTeX/texmf-dist/tex/latex/hyperref/pd1enc.def
File: pd1enc.def 2026-06-17 v7.01r Hyperref: PDFDocEncoding definition (HO)
) (c:/Users/UniversoAndante/AppData/Roaming/TinyTeX/texmf-dist/tex/generic/intcalc/intcalc.sty
Package: intcalc 2019/12/15 v1.3 Expandable calculations with integers (HO)
)
\Hy@SavedSpaceFactor=\count362
(c:/Users/UniversoAndante/AppData/Roaming/TinyTeX/texmf-dist/tex/latex/hyperref/puenc.def
File: puenc.def 2026-06-17 v7.01r Hyperref: PDF Unicode definition (HO)
)
Package hyperref Info: Option `unicode' set `true' on input line 4070.
Package hyperref Info: Hyper figures OFF on input line 4199.
Package hyperref Info: Link nesting OFF on input line 4204.
Package hyperref Info: Hyper index ON on input line 4207.
Package hyperref Info: Plain pages OFF on input line 4214.
Package hyperref Info: Backreferencing OFF on input line 4219.
Package hyperref Info: Implicit mode ON; LaTeX internals redefined.
Package hyperref Info: Bookmarks ON on input line 4466.
\c@Hy@tempcnt=\count363
(c:/Users/UniversoAndante/AppData/Roaming/TinyTeX/texmf-dist/tex/latex/url/url.sty
\Urlmuskip=\muskip19
Package: url 2013/09/16  ver 3.4  Verb mode for urls, etc.
)
LaTeX Info: Redefining \url on input line 4805.
\XeTeXLinkMargin=\dimen311
(c:/Users/UniversoAndante/AppData/Roaming/TinyTeX/texmf-dist/tex/generic/bitset/bitset.sty
Package: bitset 2019/12/09 v1.3 Handle bit-vector datatype (HO)
(c:/Users/UniversoAndante/AppData/Roaming/TinyTeX/texmf-dist/tex/generic/bigintcalc/bigintcalc.sty
Package: bigintcalc 2019/12/15 v1.5 Expandable calculations on big integers (HO)
))
\Fld@menulength=\count364
\Field@Width=\dimen312
\Fld@charsize=\dimen313
Package hyperref Info: Hyper figures OFF on input line 6091.
Package hyperref Info: Link nesting OFF on input line 6096.
Package hyperref Info: Hyper index ON on input line 6099.
Package hyperref Info: backreferencing OFF on input line 6106.
Package hyperref Info: Link coloring OFF on input line 6111.
Package hyperref Info: Link coloring with OCG OFF on input line 6116.
Package hyperref Info: PDF/A mode OFF on input line 6121.
\Hy@abspage=\count365
\c@Item=\count366
\c@Hfootnote=\count367
)
Package hyperref Info: Driver (autodetected): hluatex.
(c:/Users/UniversoAndante/AppData/Roaming/TinyTeX/texmf-dist/tex/latex/hyperref/hluatex.def
File: hluatex.def 2026-06-17 v7.01r Hyperref driver for luaTeX
\Fld@listcount=\count368
\c@bookmark@seq@number=\count369
(c:/Users/UniversoAndante/AppData/Roaming/TinyTeX/texmf-dist/tex/latex/rerunfilecheck/rerunfilecheck.sty
Package: rerunfilecheck 2025-06-21 v1.11 Rerun checks for auxiliary files (HO)
(c:/Users/UniversoAndante/AppData/Roaming/TinyTeX/texmf-dist/tex/generic/uniquecounter/uniquecounter.sty
Package: uniquecounter 2019/12/15 v1.4 Provide unlimited unique counter (HO)
)
Package uniquecounter Info: New unique counter `rerunfilecheck' on input line 284.
)
\Hy@SectionHShift=\skip79
) (c:/Users/UniversoAndante/AppData/Roaming/TinyTeX/texmf-dist/tex/latex/bookmark/bkm-luatex.def
File: bkm-luatex.def 2026-05-21 v1.32 bookmark driver for luaTeX (HO)
\BKM@id=\count370
)) (c:/Users/UniversoAndante/AppData/Roaming/TinyTeX/texmf-dist/tex/latex/float/float.sty
Package: float 2001/11/08 v1.3d Float enhancements (AL)
\c@float@type=\count371
\float@exts=\toks44
\float@box=\box91
\@float@everytoks=\toks45
\@floatcapt=\box92
)
\@float@every@codelisting=\toks46
\c@codelisting=\count372
(c:/Users/UniversoAndante/AppData/Roaming/TinyTeX/texmf-dist/tex/latex/amscls/amsthm.sty
Package: amsthm 2020/05/29 v2.20.6
\thm@style=\toks47
\thm@bodyfont=\toks48
\thm@headfont=\toks49
\thm@notefont=\toks50
\thm@headpunct=\toks51
\thm@preskip=\skip80
\thm@postskip=\skip81
\thm@headsep=\skip82
\dth@everypar=\toks52
) (c:/Users/UniversoAndante/AppData/Roaming/TinyTeX/texmf-dist/tex/latex/xpatch/xpatch.sty
Package: xpatch 2020/03/25 v0.3a Extending etoolbox patching commands
)
Class scrbook Info: amsthm's \deferred@thm@head patched.
\c@definition=\count373
\c@proposition=\count374
\c@example=\count375
\c@theorem=\count376
\c@exercise=\count377
\c@refremark=\count378
\c@refsolution=\count379
(c:/Users/UniversoAndante/AppData/Roaming/TinyTeX/texmf-dist/tex/latex/caption/subcaption.sty
Package: subcaption 2023/07/28 v1.6b Sub-captions (AR)
Package caption Info: New subtype `subfigure' on input line 238.
\c@subfigure=\count380
Package caption Info: New subtype `subtable' on input line 238.
\c@subtable=\count381
)
Package hyperref Info: Option `colorlinks' set `true' on input line 216.
No file index.aux.

\openout1 = index.aux
LaTeX Font Info:    Checking defaults for OML/cmm/m/it on input line 222.
LaTeX Font Info:    ... okay on input line 222.
LaTeX Font Info:    Checking defaults for OMS/cmsy/m/n on input line 222.
LaTeX Font Info:    ... okay on input line 222.
LaTeX Font Info:    Checking defaults for OT1/cmr/m/n on input line 222.
LaTeX Font Info:    ... okay on input line 222.
LaTeX Font Info:    Checking defaults for T1/cmr/m/n on input line 222.
LaTeX Font Info:    ... okay on input line 222.
LaTeX Font Info:    Checking defaults for TS1/cmr/m/n on input line 222.
LaTeX Font Info:    ... okay on input line 222.
LaTeX Font Info:    Checking defaults for TU/lmr/m/n on input line 222.
LaTeX Font Info:    ... okay on input line 222.
LaTeX Font Info:    Checking defaults for OMX/cmex/m/n on input line 222.
LaTeX Font Info:    ... okay on input line 222.
LaTeX Font Info:    Checking defaults for U/cmr/m/n on input line 222.
LaTeX Font Info:    ... okay on input line 222.
LaTeX Font Info:    Checking defaults for PD1/pdf/m/n on input line 222.
LaTeX Font Info:    ... okay on input line 222.
LaTeX Font Info:    Checking defaults for PU/pdf/m/n on input line 222.
LaTeX Font Info:    ... okay on input line 222.
(c:/Users/UniversoAndante/AppData/Roaming/TinyTeX/texmf-dist/tex/latex/epstopdf-pkg/epstopdf-base.sty
Package: epstopdf-base 2020-01-24 v2.11 Base part for package epstopdf
Package epstopdf-base Info: Redefining graphics rule for `.eps' on input line 485.
(c:/Users/UniversoAndante/AppData/Roaming/TinyTeX/texmf-dist/tex/latex/latexconfig/epstopdf-sys.cfg
File: epstopdf-sys.cfg 2010/07/13 v1.3 Configuration of (r)epstopdf for TeX Live
))
*geometry* driver: auto-detecting
*geometry* detected driver: luatex
*geometry* verbose mode - [ preamble ] result:
* driver: luatex
* paper: a4paper
* layout: <same size as paper>
* layoutoffset:(h,v)=(0.0pt,0.0pt)
* modes: twoside 
* h-part:(L,W,R)=(79.66771pt, 455.24411pt, 62.59605pt)
* v-part:(T,H,B)=(71.13188pt, 702.78308pt, 71.13188pt)
* \paperwidth=597.50787pt
* \paperheight=845.04684pt
* \textwidth=455.24411pt
* \textheight=702.78308pt
* \oddsidemargin=7.39772pt
* \evensidemargin=-9.67393pt
* \topmargin=-38.53812pt
* \headheight=17.0pt
* \headsep=20.40001pt
* \topskip=11.0pt
* \footskip=47.6pt
* \marginparwidth=89.62619pt
* \marginparsep=12.8401pt
* \columnsep=10.0pt
* \skip\footins=10.0pt plus 4.0pt minus 2.0pt
* \hoffset=0.0pt
* \voffset=0.0pt
* \mag=1000
* \@twocolumnfalse
* \@twosidetrue
* \@mparswitchtrue
* \@reversemarginfalse
* (1in=72.27pt=25.4mm, 1cm=28.453pt)

LaTeX Font Info:    Overwriting math alphabet `\mathrm' in version `normal'
(Font)                  OT1/lmr/m/n --> TU/lmr/m/n on input line 222.
LaTeX Font Info:    Overwriting math alphabet `\mathit' in version `normal'
(Font)                  OT1/lmr/m/it --> TU/lmr/m/it on input line 222.
LaTeX Font Info:    Overwriting math alphabet `\mathbf' in version `normal'
(Font)                  OT1/lmr/bx/n --> TU/lmr/bx/n on input line 222.
LaTeX Font Info:    Overwriting math alphabet `\mathsf' in version `normal'
(Font)                  OT1/lmss/m/n --> TU/lmss/m/n on input line 222.
LaTeX Font Info:    Overwriting math alphabet `\mathsf' in version `bold'
(Font)                  OT1/lmss/bx/n --> TU/lmss/bx/n on input line 222.
LaTeX Font Info:    Overwriting math alphabet `\mathtt' in version `normal'
(Font)                  OT1/lmtt/m/n --> TU/lmtt/m/n on input line 222.
LaTeX Font Info:    Overwriting math alphabet `\mathtt' in version `bold'
(Font)                  OT1/lmtt/m/n --> TU/lmtt/bx/n on input line 222.

Package fontspec Info: 
(fontspec)             latinmodern-math scale = 0.9999967668407183.


Package fontspec Info: 
(fontspec)             latinmodern-math scale = 0.9999967668407183.


Package fontspec Info: 
(fontspec)             latinmodern-math scale = 0.9999967668407183.


Package fontspec Info: 
(fontspec)             Font family 'latinmodern-math.otf(0)' created for font
(fontspec)             'latinmodern-math.otf' with options
(fontspec)             [Scale=MatchLowercase,Renderer=Basic,BoldItalicFont={},ItalicFont={},SmallCapsFont={},Script=Math,RawFeature={mathfontdimen=xetex},BoldFont={latinmodern-math.otf}].
(fontspec)              
(fontspec)              This font family consists of the following NFSS
(fontspec)             series/shapes:
(fontspec)              
(fontspec)             - 'normal' (m/n) with NFSS spec.:
(fontspec)             <->s*[0.9999967668407183]"[latinmodern-math.otf]:mode=base;script=math;language=dflt;mathfontdimen=xetex;"
(fontspec)             - 'bold' (b/n) with NFSS spec.:
(fontspec)             <->s*[0.9999967668407183]"[latinmodern-math.otf]:mode=base;script=math;language=dflt;mathfontdimen=xetex;"

LaTeX Font Info:    Font shape `TU/latinmodern-math.otf(0)/m/n' will be
(Font)              scaled to size 10.95pt on input line 222.

Package fontspec Info: 
(fontspec)             latinmodern-math scale = 0.9999967668407183.


Package fontspec Info: 
(fontspec)             latinmodern-math scale = 0.9999967668407183.


Package fontspec Info: 
(fontspec)             latinmodern-math scale = 0.9999967668407183.


Package fontspec Info: 
(fontspec)             latinmodern-math scale = 0.9999967668407183.


Package fontspec Info: 
(fontspec)             latinmodern-math scale = 0.9999967668407183.


Package fontspec Info: 
(fontspec)             Font family 'latinmodern-math.otf(1)' created for font
(fontspec)             'latinmodern-math.otf' with options
(fontspec)             [Scale=MatchLowercase,Renderer=Basic,BoldItalicFont={},ItalicFont={},SmallCapsFont={},Script=Math,SizeFeatures={{Size=9.3075-},{Size=6.57-9.3075,Font=latinmodern-math.otf,Style=MathScript},{Size=-6.57,Font=latinmodern-math.otf,Style=MathScriptScript}},RawFeature={mathfontdimen=xetex},BoldFont={latinmodern-math.otf}].
(fontspec)              
(fontspec)              This font family consists of the following NFSS
(fontspec)             series/shapes:
(fontspec)              
(fontspec)             - 'normal' (m/n) with NFSS spec.:
(fontspec)             <9.3075->s*[0.9999967668407183]"[latinmodern-math.otf]:mode=base;script=math;language=dflt;mathfontdimen=xetex;"<6.57-9.3075>s*[0.9999967668407183]"[latinmodern-math.otf]:mode=base;script=math;language=dflt;mathfontdimen=xetex;+ssty=0;"<-6.57>s*[0.9999967668407183]"[latinmodern-math.otf]:mode=base;script=math;language=dflt;mathfontdimen=xetex;+ssty=1;"
(fontspec)             - 'bold' (b/n) with NFSS spec.:
(fontspec)             <->s*[0.9999967668407183]"[latinmodern-math.otf]:mode=base;script=math;language=dflt;mathfontdimen=xetex;"

LaTeX Font Info:    Font shape `TU/latinmodern-math.otf(1)/m/n' will be
(Font)              scaled to size 10.95pt on input line 222.
LaTeX Font Info:    Encoding `OT1' has changed to `TU' for symbol font
(Font)              `operators' in the math version `normal' on input line 222.
LaTeX Font Info:    Overwriting symbol font `operators' in version `normal'
(Font)                  OT1/lmr/m/n --> TU/latinmodern-math.otf(1)/m/n on input line 222.
LaTeX Font Info:    Encoding `OT1' has changed to `TU' for symbol font
(Font)              `operators' in the math version `bold' on input line 222.
LaTeX Font Info:    Overwriting symbol font `operators' in version `bold'
(Font)                  OT1/lmr/bx/n --> TU/latinmodern-math.otf(1)/b/n on input line 222.

Package fontspec Info: 
(fontspec)             latinmodern-math scale = 0.9999967668407183.


Package fontspec Info: 
(fontspec)             latinmodern-math scale = 0.9999967668407183.


Package fontspec Info: 
(fontspec)             latinmodern-math scale = 0.9999967668407183.


Package fontspec Info: 
(fontspec)             latinmodern-math scale = 0.9999967668407183.


Package fontspec Info: 
(fontspec)             latinmodern-math scale = 0.9999967668407183.


Package fontspec Info: 
(fontspec)             Font family 'latinmodern-math.otf(2)' created for font
(fontspec)             'latinmodern-math.otf' with options
(fontspec)             [Scale=MatchLowercase,Renderer=Basic,BoldItalicFont={},ItalicFont={},SmallCapsFont={},Script=Math,SizeFeatures={{Size=9.3075-},{Size=6.57-9.3075,Font=latinmodern-math.otf,Style=MathScript},{Size=-6.57,Font=latinmodern-math.otf,Style=MathScriptScript}},RawFeature={mathfontdimen=xetex},BoldFont={latinmodern-math.otf},RawFeature={mathfontdimen=tex2}].
(fontspec)              
(fontspec)              This font family consists of the following NFSS
(fontspec)             series/shapes:
(fontspec)              
(fontspec)             - 'normal' (m/n) with NFSS spec.:
(fontspec)             <9.3075->s*[0.9999967668407183]"[latinmodern-math.otf]:mode=base;script=math;language=dflt;mathfontdimen=xetex;mathfontdimen=tex2;"<6.57-9.3075>s*[0.9999967668407183]"[latinmodern-math.otf]:mode=base;script=math;language=dflt;mathfontdimen=xetex;mathfontdimen=tex2;+ssty=0;"<-6.57>s*[0.9999967668407183]"[latinmodern-math.otf]:mode=base;script=math;language=dflt;mathfontdimen=xetex;mathfontdimen=tex2;+ssty=1;"
(fontspec)             - 'bold' (b/n) with NFSS spec.:
(fontspec)             <->s*[0.9999967668407183]"[latinmodern-math.otf]:mode=base;script=math;language=dflt;mathfontdimen=xetex;mathfontdimen=tex2;"

LaTeX Font Info:    Encoding `OMS' has changed to `TU' for symbol font
(Font)              `symbols' in the math version `normal' on input line 222.
LaTeX Font Info:    Overwriting symbol font `symbols' in version `normal'
(Font)                  OMS/lmsy/m/n --> TU/latinmodern-math.otf(2)/m/n on input line 222.
LaTeX Font Info:    Encoding `OMS' has changed to `TU' for symbol font
(Font)              `symbols' in the math version `bold' on input line 222.
LaTeX Font Info:    Overwriting symbol font `symbols' in version `bold'
(Font)                  OMS/lmsy/b/n --> TU/latinmodern-math.otf(2)/b/n on input line 222.

Package fontspec Info: 
(fontspec)             latinmodern-math scale = 0.9999967668407183.


Package fontspec Info: 
(fontspec)             latinmodern-math scale = 0.9999967668407183.


Package fontspec Info: 
(fontspec)             latinmodern-math scale = 0.9999967668407183.


Package fontspec Info: 
(fontspec)             latinmodern-math scale = 0.9999967668407183.


Package fontspec Info: 
(fontspec)             latinmodern-math scale = 0.9999967668407183.


Package fontspec Info: 
(fontspec)             Font family 'latinmodern-math.otf(3)' created for font
(fontspec)             'latinmodern-math.otf' with options
(fontspec)             [Scale=MatchLowercase,Renderer=Basic,BoldItalicFont={},ItalicFont={},SmallCapsFont={},Script=Math,SizeFeatures={{Size=9.3075-},{Size=6.57-9.3075,Font=latinmodern-math.otf,Style=MathScript},{Size=-6.57,Font=latinmodern-math.otf,Style=MathScriptScript}},RawFeature={mathfontdimen=xetex},BoldFont={latinmodern-math.otf},RawFeature={mathfontdimen=tex3}].
(fontspec)              
(fontspec)              This font family consists of the following NFSS
(fontspec)             series/shapes:
(fontspec)              
(fontspec)             - 'normal' (m/n) with NFSS spec.:
(fontspec)             <9.3075->s*[0.9999967668407183]"[latinmodern-math.otf]:mode=base;script=math;language=dflt;mathfontdimen=xetex;mathfontdimen=tex3;"<6.57-9.3075>s*[0.9999967668407183]"[latinmodern-math.otf]:mode=base;script=math;language=dflt;mathfontdimen=xetex;mathfontdimen=tex3;+ssty=0;"<-6.57>s*[0.9999967668407183]"[latinmodern-math.otf]:mode=base;script=math;language=dflt;mathfontdimen=xetex;mathfontdimen=tex3;+ssty=1;"
(fontspec)             - 'bold' (b/n) with NFSS spec.:
(fontspec)             <->s*[0.9999967668407183]"[latinmodern-math.otf]:mode=base;script=math;language=dflt;mathfontdimen=xetex;mathfontdimen=tex3;"

LaTeX Font Info:    Encoding `OMX' has changed to `TU' for symbol font
(Font)              `largesymbols' in the math version `normal' on input line 222.
LaTeX Font Info:    Overwriting symbol font `largesymbols' in version `normal'
(Font)                  OMX/lmex/m/n --> TU/latinmodern-math.otf(3)/m/n on input line 222.
LaTeX Font Info:    Encoding `OMX' has changed to `TU' for symbol font
(Font)              `largesymbols' in the math version `bold' on input line 222.
LaTeX Font Info:    Overwriting symbol font `largesymbols' in version `bold'
(Font)                  OMX/lmex/m/n --> TU/latinmodern-math.otf(3)/b/n on input line 222.
LaTeX Font Info:    Font shape `TU/latinmodern-math.otf(1)/m/n' will be
(Font)              scaled to size 7.665pt on input line 222.
LaTeX Font Info:    Font shape `TU/latinmodern-math.otf(1)/m/n' will be
(Font)              scaled to size 5.475pt on input line 222.
LaTeX Font Info:    Trying to load font information for OML+lmm on input line 222.
(c:/Users/UniversoAndante/AppData/Roaming/TinyTeX/texmf-dist/tex/latex/lm/omllmm.fd
File: omllmm.fd 2015/05/01 v1.6.1 Font defs for Latin Modern
)
LaTeX Font Info:    Font shape `TU/latinmodern-math.otf(2)/m/n' will be
(Font)              scaled to size 10.95pt on input line 222.
LaTeX Font Info:    Font shape `TU/latinmodern-math.otf(2)/m/n' will be
(Font)              scaled to size 7.665pt on input line 222.
LaTeX Font Info:    Font shape `TU/latinmodern-math.otf(2)/m/n' will be
(Font)              scaled to size 5.475pt on input line 222.
LaTeX Font Info:    Font shape `TU/latinmodern-math.otf(3)/m/n' will be
(Font)              scaled to size 10.95pt on input line 222.
LaTeX Font Info:    Font shape `TU/latinmodern-math.otf(3)/m/n' will be
(Font)              scaled to size 7.665pt on input line 222.
LaTeX Font Info:    Font shape `TU/latinmodern-math.otf(3)/m/n' will be
(Font)              scaled to size 5.475pt on input line 222.
LaTeX Font Info:    Trying to load font information for U+msa on input line 222.
(c:/Users/UniversoAndante/AppData/Roaming/TinyTeX/texmf-dist/tex/latex/amsfonts/umsa.fd
File: umsa.fd 2013/01/14 v3.01 AMS symbols A
)
LaTeX Font Info:    Trying to load font information for U+msb on input line 222.
(c:/Users/UniversoAndante/AppData/Roaming/TinyTeX/texmf-dist/tex/latex/amsfonts/umsb.fd
File: umsb.fd 2013/01/14 v3.01 AMS symbols B
)
LaTeX Info: Redefining \microtypecontext on input line 222.
Package microtype Info: Applying patch `item' on input line 222.
Package microtype Info: Applying patch `toc' on input line 222.
Package microtype Info: Applying patch `eqnum' on input line 222.
Package microtype Info: Applying patch `footnote' on input line 222.
Package microtype Info: Applying patch `verbatim' on input line 222.
LaTeX Info: Redefining \microtypesetup on input line 222.
Package microtype Info: Generating PDF output.
Package microtype Info: Character protrusion enabled (level 2).
Package microtype Info: Using protrusion set `basicmath'.
Package microtype Info: Automatic font expansion enabled (level 2),
(microtype)             stretch: 20, shrink: 20, step: 1, non-selected.
Package microtype Info: Using default expansion set `alltext-nott'.
Package microtype Info: Patching command `\showhyphens'.
Package microtype Info: No adjustment of tracking.
Package microtype Info: No adjustment of spacing.
Package microtype Info: No adjustment of kerning.
(c:/Users/UniversoAndante/AppData/Roaming/TinyTeX/texmf-dist/tex/latex/microtype/mt-LatinModernRoman.cfg
File: mt-LatinModernRoman.cfg 2026/02/26 v1.2 microtype config. file: Latin Modern Roman (RS)
)
LaTeX Info: Redefining \. on input line 222.
LaTeX Info: Redefining \% on input line 222.
Package babel Info: 'spanish' activates 'spanish' shorthands.
(babel)             Reported on input line 222.
Removing  `Babel.pre_otfload_h' from `hpack_filter'.
Removing  `luaotfload.node_processor' from `hpack_filter'.
Removing  `luaotfload.harf.finalize_hlist' from `hpack_filter'.
Inserting `Babel.math_box_dir' in `hpack_filter'.
Inserting `Babel.pre_otfload_h' in `hpack_filter'.
Inserting `luaotfload.node_processor' in `hpack_filter'.
Inserting `luaotfload.harf.finalize_hlist' in `hpack_filter'.
Inserting `Babel.unset_atdir' in `pre_linebreak_filter'.
Inserting `Babel.unset_atdir' in `hpack_filter'.
Inserting `Babel.ensure_math_dir' in `post_mlist_to_hlist_filter'.
Package caption Info: Begin \AtBeginDocument code.
Package caption Info: float package is loaded.
Package caption Info: hyperref package is loaded.
Package caption Info: End \AtBeginDocument code.
Package hyperref Info: Link coloring ON on input line 222.
\g__cctab_next_cctab=\catcodetable19
Package babel Info: Main language set to 'spanish'.
Package microtype Info: Loading generic protrusion settings for font family
(microtype)             `lmss' (encoding: TU).
(microtype)             For optimal results, create family-specific settings.
(microtype)             See the microtype manual for details.
[1





{c:/Users/UniversoAndante/AppData/Roaming/TinyTeX/texmf-var/fonts/map/pdftex/updmap/pdftex.map}] [2


]
Package tocbasic Info: character protrusion at toc deactivated on input line 229.
No file index.toc.
\tf@toc=\write4

\openout4 = index.toc
[3] [4


] (c:/Users/UniversoAndante/AppData/Roaming/TinyTeX/texmf-dist/tex/latex/microtype/mt-TU-empty.cfg
File: mt-TU-empty.cfg 2021/06/22 v1.1 microtype config. file: fonts with nonstandard glyph set (RS)
) [1


]
LaTeX Info: Redefining \. on input line 318.
LaTeX Info: Redefining \% on input line 318.
Package babel Info: 'spanish' activates 'spanish' shorthands.
(babel)             Reported on input line 318.
[2]
part I.
Package scrkbase Info: You've told me to use the font selection of the element
(scrkbase)             `partprefix' that is an alias of element `partnumber'
(scrkbase)              on input line 318.
[3


] [4]
chapter 1.
[5


] [6


]
chapter 2.
[7] [8


]
chapter 3.
<03-fourier_files/figure-pdf/fig-gibbs-output-1.pdf, id=69, 614.30629pt x 237.50795pt>
File: 03-fourier_files/figure-pdf/fig-gibbs-output-1.pdf Graphic file (type pdf)
<use 03-fourier_files/figure-pdf/fig-gibbs-output-1.pdf>
Package luatex.def Info: 03-fourier_files/figure-pdf/fig-gibbs-output-1.pdf  used on input line 431.
(luatex.def)             Requested size: 614.30478pt x 237.50735pt.

LaTeX Warning: Reference `eq-cuadrada' on page 9 undefined on input line 439.


LaTeX Warning: Reference `eq-cuadrada' on page 9 undefined on input line 439.

[9]

LaTeX Warning: Reference `eq-cuadrada' on page 10 undefined on input line 467.


LaTeX Warning: Reference `eq-cuadrada' on page 10 undefined on input line 492.

LaTeX Info: Redefining \. on input line 501.
LaTeX Info: Redefining \% on input line 501.
[10<./03-fourier_files/figure-pdf/fig-gibbs-output-1.pdf>]
chapter 4.
[11


] [12


]
chapter 5.
[13] [14


]
chapter 6.
[15] [16


]
chapter 7.
[17] [18


]
part II.
Package scrkbase Info: You've told me to use the font selection of the element
(scrkbase)             `partprefix' that is an alias of element `partnumber'
(scrkbase)              on input line 599.
[19] [20]
chapter 8.

LaTeX Warning: Reference `sec-muchas-variables' on page 21 undefined on input line 614.


LaTeX Warning: Reference `sec-laplace' on page 21 undefined on input line 617.


LaTeX Warning: Reference `sec-tfourier' on page 21 undefined on input line 617.


LaTeX Warning: Reference `sec-green' on page 21 undefined on input line 618.


LaTeX Warning: Reference `sec-sturm' on page 21 undefined on input line 619.

[21


]

LaTeX Warning: Reference `eq-conservacion' on page 22 undefined on input line 680.


LaTeX Warning: Reference `eq-conservacion' on page 22 undefined on input line 688.


LaTeX Warning: Reference `eq-conservacion' on page 22 undefined on input line 697.


LaTeX Warning: Reference `eq-conservacion' on page 22 undefined on input line 711.


LaTeX Warning: Reference `sec-bien-planteado' on page 22 undefined on input line 733.


LaTeX Warning: Reference `sec-casi-lineales' on page 22 undefined on input line 734.

LaTeX Info: Redefining \. on input line 751.
LaTeX Info: Redefining \% on input line 751.
[22]

LaTeX Warning: Reference `eq-conservacion' on page 23 undefined on input line 770.

LaTeX Info: Redefining \. on input line 836.
LaTeX Info: Redefining \% on input line 836.
[23]

LaTeX Warning: Reference `sec-bien-planteado' on page 24 undefined on input line 856.

<08-edp_files/figure-pdf/fig-tres-mundos-output-1.pdf, id=201, 691.9385pt x 229.12724pt>
File: 08-edp_files/figure-pdf/fig-tres-mundos-output-1.pdf Graphic file (type pdf)
<use 08-edp_files/figure-pdf/fig-tres-mundos-output-1.pdf>
Package luatex.def Info: 08-edp_files/figure-pdf/fig-tres-mundos-output-1.pdf  used on input line 872.
(luatex.def)             Requested size: 691.93683pt x 229.12666pt.
LaTeX Info: Redefining \. on input line 899.
LaTeX Info: Redefining \% on input line 899.
[24<./08-edp_files/figure-pdf/fig-tres-mundos-output-1.pdf>]

LaTeX Warning: Reference `eq-trivial2' on page 25 undefined on input line 933.


LaTeX Warning: Reference `sec-formas-canonicas' on page 25 undefined on input line 934.

LaTeX Info: Redefining \. on input line 984.
LaTeX Info: Redefining \% on input line 984.
[25]

LaTeX Warning: Reference `sec-bien-planteado' on page 26 undefined on input line 1044.


LaTeX Warning: Reference `tbl-catalogo' on page 26 undefined on input line 1047.


LaTeX Warning: Reference `sec-separacion' on page 26 undefined on input line 1056.

LaTeX Info: Redefining \. on input line 1063.
LaTeX Info: Redefining \% on input line 1063.
[26]

LaTeX Warning: Reference `sec-linealidad' on page 27 undefined on input line 1066.


LaTeX Warning: Reference `sec-clasificacion' on page 27 undefined on input line 1069.


LaTeX Warning: Reference `sec-muchas-variables' on page 27 undefined on input line 1069.


LaTeX Warning: Reference `sec-bien-planteado' on page 27 undefined on input line 1077.


LaTeX Warning: Reference `sec-caracteristicas' on page 27 undefined on input line 1111.


LaTeX Warning: Reference `sec-casi-lineales' on page 27 undefined on input line 1111.


LaTeX Warning: Reference `sec-transformadas' on page 27 undefined on input line 1113.


LaTeX Warning: Reference `sec-green-varias' on page 27 undefined on input line 1115.


LaTeX Warning: Reference `sec-separacion' on page 27 undefined on input line 1117.


LaTeX Warning: Reference `sec-clasificacion' on page 27 undefined on input line 1132.

LaTeX Info: Redefining \. on input line 1153.
LaTeX Info: Redefining \% on input line 1153.
[27]

LaTeX Warning: Reference `eq-lineal' on page 28 undefined on input line 1201.


LaTeX Warning: Reference `tbl-catalogo' on page 28 undefined on input line 1208.


LaTeX Warning: Reference `sec-fourier' on page 28 undefined on input line 1229.


LaTeX Warning: Reference `sec-separacion' on page 28 undefined on input line 1232.


LaTeX Warning: Reference `sec-green' on page 28 undefined on input line 1236.


LaTeX Warning: Reference `sec-green-varias' on page 28 undefined on input line 1236.


LaTeX Warning: Reference `sec-tfourier' on page 28 undefined on input line 1239.


LaTeX Warning: Reference `sec-transformadas' on page 28 undefined on input line 1240.


Underfull \vbox (badness 1389) has occurred while \output is active []

LaTeX Info: Redefining \. on input line 1251.
LaTeX Info: Redefining \% on input line 1251.
[28]
LaTeX Info: Redefining \. on input line 1304.
LaTeX Info: Redefining \% on input line 1304.
[29]

LaTeX Warning: Reference `sec-clasificacion' on page 30 undefined on input line 1307.


LaTeX Warning: Reference `sec-clasificacion' on page 30 undefined on input line 1351.


LaTeX Warning: Reference `fig-linealidad' on page 30 undefined on input line 1381.

LaTeX Info: Redefining \. on input line 1410.
LaTeX Info: Redefining \% on input line 1410.
[30]

LaTeX Warning: Reference `exm-transonico' on page 31 undefined on input line 1471.


LaTeX Warning: Reference `sec-casi-lineales' on page 31 undefined on input line 1477.


LaTeX Warning: Reference `sec-bien-planteado' on page 31 undefined on input line 1485.


LaTeX Warning: Reference `eq-semilineal-2var' on page 31 undefined on input line 1507.

LaTeX Info: Redefining \. on input line 1516.
LaTeX Info: Redefining \% on input line 1516.
[31]

LaTeX Warning: Reference `exm-tricomi' on page 32 undefined on input line 1527.

LaTeX Info: Redefining \. on input line 1594.
LaTeX Info: Redefining \% on input line 1594.
[32]
<08-edp_files/figure-pdf/fig-linealidad-output-1.pdf, id=349, 552.98207pt x 317.988pt>
File: 08-edp_files/figure-pdf/fig-linealidad-output-1.pdf Graphic file (type pdf)
<use 08-edp_files/figure-pdf/fig-linealidad-output-1.pdf>
Package luatex.def Info: 08-edp_files/figure-pdf/fig-linealidad-output-1.pdf  used on input line 1680.
(luatex.def)             Requested size: 552.98071pt x 317.98721pt.
LaTeX Info: Redefining \. on input line 1738.
LaTeX Info: Redefining \% on input line 1738.
[33]
LaTeX Info: Redefining \. on input line 1738.
LaTeX Info: Redefining \% on input line 1738.
[34<./08-edp_files/figure-pdf/fig-linealidad-output-1.pdf>]

LaTeX Warning: Reference `sec-clasificacion' on page 35 undefined on input line 1793.

LaTeX Info: Redefining \. on input line 1830.
LaTeX Info: Redefining \% on input line 1830.
[35]

LaTeX Warning: Reference `exr-clasificar-linealidad' on page 36 undefined on input line 1837.


LaTeX Warning: Reference `exm-tricomi' on page 36 undefined on input line 1862.


LaTeX Warning: Reference `exm-cuasilineales' on page 36 undefined on input line 1886.


LaTeX Warning: Reference `eq-general' on page 36 undefined on input line 1897.

LaTeX Info: Redefining \. on input line 1921.
LaTeX Info: Redefining \% on input line 1921.
[36]

LaTeX Warning: Reference `exm-transonico' on page 37 undefined on input line 1925.


LaTeX Warning: Reference `exm-transonico' on page 37 undefined on input line 1937.


LaTeX Warning: Reference `tbl-datos' on page 37 undefined on input line 1961.


LaTeX Warning: Reference `sec-generalizadas' on page 37 undefined on input line 1976.


LaTeX Warning: Reference `exm-tricomi' on page 37 undefined on input line 1981.


LaTeX Warning: Reference `sec-porque' on page 37 undefined on input line 1989.


LaTeX Warning: Reference `sec-clasificacion' on page 37 undefined on input line 1999.

LaTeX Info: Redefining \. on input line 2001.
LaTeX Info: Redefining \% on input line 2001.
[37]
LaTeX Info: Redefining \. on input line 2094.
LaTeX Info: Redefining \% on input line 2094.
[38]
<08-edp_files/figure-pdf/fig-hadamard-output-1.pdf, id=476, 657.31007pt x 239.26062pt>
File: 08-edp_files/figure-pdf/fig-hadamard-output-1.pdf Graphic file (type pdf)
<use 08-edp_files/figure-pdf/fig-hadamard-output-1.pdf>
Package luatex.def Info: 08-edp_files/figure-pdf/fig-hadamard-output-1.pdf  used on input line 2153.
(luatex.def)             Requested size: 657.30847pt x 239.26003pt.

LaTeX Warning: Reference `eq-hadamard-sol' on page 39 undefined on input line 2196.

LaTeX Info: Redefining \. on input line 2222.
LaTeX Info: Redefining \% on input line 2222.
[39]

LaTeX Warning: Reference `eq-cauchy-riemann' on page 40 undefined on input line 2232.


LaTeX Warning: Reference `sec-tres-mundos' on page 40 undefined on input line 2252.


Underfull \vbox (badness 10000) has occurred while \output is active []

LaTeX Info: Redefining \. on input line 2259.
LaTeX Info: Redefining \% on input line 2259.
[40<./08-edp_files/figure-pdf/fig-hadamard-output-1.pdf>]

LaTeX Warning: Reference `fig-hadamard' on page 41 undefined on input line 2279.

LaTeX Info: Redefining \. on input line 2321.
LaTeX Info: Redefining \% on input line 2321.
[41]

LaTeX Warning: Reference `tbl-datos' on page 42 undefined on input line 2423.

LaTeX Info: Redefining \. on input line 2427.
LaTeX Info: Redefining \% on input line 2427.
[42]

LaTeX Warning: Reference `fig-tres-mundos' on page 43 undefined on input line 2486.


LaTeX Warning: Reference `tbl-datos' on page 43 undefined on input line 2498.

LaTeX Info: Redefining \. on input line 2514.
LaTeX Info: Redefining \% on input line 2514.
[43]

LaTeX Warning: Reference `tbl-datos' on page 44 undefined on input line 2521.


LaTeX Warning: Reference `def-solucion-clasica' on page 44 undefined on input line 2538.


LaTeX Warning: Reference `eq-conservacion-integral' on page 44 undefined on input line 2558.


LaTeX Warning: Reference `eq-conservacion-integral' on page 44 undefined on input line 2559.


LaTeX Warning: Reference `eq-conservacion-F' on page 44 undefined on input line 2559.


LaTeX Warning: Reference `sec-casi-lineales' on page 44 undefined on input line 2565.


LaTeX Warning: Reference `eq-conservacion-F' on page 44 undefined on input line 2580.


LaTeX Warning: Reference `eq-conservacion-F' on page 44 undefined on input line 2592.


LaTeX Warning: Reference `eq-solucion-debil' on page 44 undefined on input line 2595.

LaTeX Info: Redefining \. on input line 2599.
LaTeX Info: Redefining \% on input line 2599.
[44]

LaTeX Warning: Reference `sec-distribuciones' on page 45 undefined on input line 2610.


LaTeX Warning: Reference `eq-conservacion-integral' on page 45 undefined on input line 2622.


LaTeX Warning: Reference `eq-conservacion-integral' on page 45 undefined on input line 2627.


LaTeX Warning: Reference `eq-solucion-debil' on page 45 undefined on input line 2687.


LaTeX Warning: Reference `exm-burgers' on page 45 undefined on input line 2694.

LaTeX Info: Redefining \. on input line 2697.
LaTeX Info: Redefining \% on input line 2697.
[45]

LaTeX Warning: Reference `eq-hadamard-sol' on page 46 undefined on input line 2701.


LaTeX Warning: Reference `eq-cauchy-riemann' on page 46 undefined on input line 2702.


LaTeX Warning: Reference `eq-hadamard-dato' on page 46 undefined on input line 2704.


Underfull \vbox (badness 2343) has occurred while \output is active []

LaTeX Info: Redefining \. on input line 2749.
LaTeX Info: Redefining \% on input line 2749.
[46]

LaTeX Warning: Reference `tbl-linealidad' on page 47 undefined on input line 2752.


LaTeX Warning: Reference `sec-clasificacion' on page 47 undefined on input line 2755.


LaTeX Warning: Reference `eq-cuasilineal-1' on page 47 undefined on input line 2816.


Overfull \hbox (31.87125pt too wide) detected at line 2832
\TU/latinmodern-math.otf(1)/m/n/10.95 𝑎 𝑢[] + 𝑏 𝑢[] = 𝑐  ⟺  [] ⟂ []  ⟺  [][][]
 []

LaTeX Info: Redefining \. on input line 2843.
LaTeX Info: Redefining \% on input line 2843.
[47]

LaTeX Warning: Reference `eq-cadena-observador' on page 48 undefined on input line 2866.


LaTeX Warning: Reference `eq-cuasilineal-1' on page 48 undefined on input line 2867.


LaTeX Warning: Reference `eq-cadena-observador' on page 48 undefined on input line 2878.


LaTeX Warning: Reference `eq-cuasilineal-1' on page 48 undefined on input line 2897.


LaTeX Warning: Reference `eq-campo' on page 48 undefined on input line 2907.

LaTeX Info: Redefining \. on input line 2908.
LaTeX Info: Redefining \% on input line 2908.
[48]
LaTeX Info: Redefining \. on input line 2992.
LaTeX Info: Redefining \% on input line 2992.
[49]

LaTeX Warning: Reference `eq-curva-integral' on page 50 undefined on input line 3032.

LaTeX Info: Redefining \. on input line 3071.
LaTeX Info: Redefining \% on input line 3071.
[50]

LaTeX Warning: Reference `sec-coef-variables' on page 51 undefined on input line 3079.


LaTeX Warning: Reference `eq-campo' on page 51 undefined on input line 3090.


LaTeX Warning: Reference `sec-transporte' on page 51 undefined on input line 3129.


LaTeX Warning: Reference `exm-inhomogenea' on page 51 undefined on input line 3131.


LaTeX Warning: Reference `sec-casi-lineales' on page 51 undefined on input line 3155.

LaTeX Info: Redefining \. on input line 3167.
LaTeX Info: Redefining \% on input line 3167.
[51]

LaTeX Warning: Reference `sec-tejido' on page 52 undefined on input line 3250.

LaTeX Info: Redefining \. on input line 3253.
LaTeX Info: Redefining \% on input line 3253.
[52]

LaTeX Warning: Reference `exm-trafico' on page 53 undefined on input line 3274.

LaTeX Info: Redefining \. on input line 3344.
LaTeX Info: Redefining \% on input line 3344.
[53]

LaTeX Warning: Reference `exm-campo-electrico' on page 54 undefined on input line 3361.


LaTeX Warning: Reference `eq-cuasilineal-1' on page 54 undefined on input line 3379.


LaTeX Warning: Reference `sec-observador' on page 54 undefined on input line 3386.


Underfull \vbox (badness 2512) has occurred while \output is active []

LaTeX Info: Redefining \. on input line 3435.
LaTeX Info: Redefining \% on input line 3435.
[54]
<08-edp_files/figure-pdf/fig-tejido-output-1.pdf, id=680, 646.96338pt x 274.01434pt>
File: 08-edp_files/figure-pdf/fig-tejido-output-1.pdf Graphic file (type pdf)
<use 08-edp_files/figure-pdf/fig-tejido-output-1.pdf>
Package luatex.def Info: 08-edp_files/figure-pdf/fig-tejido-output-1.pdf  used on input line 3441.
(luatex.def)             Requested size: 646.96179pt x 274.01367pt.

LaTeX Warning: Reference `sec-casi-lineales' on page 55 undefined on input line 3466.


LaTeX Warning: Reference `sec-patologias' on page 55 undefined on input line 3491.


LaTeX Warning: Reference `sec-casi-lineales' on page 55 undefined on input line 3492.


Underfull \vbox (badness 10000) has occurred while \output is active []

LaTeX Info: Redefining \. on input line 3495.
LaTeX Info: Redefining \% on input line 3495.
[55<./08-edp_files/figure-pdf/fig-tejido-output-1.pdf>]

LaTeX Warning: Reference `sec-tejido' on page 56 undefined on input line 3504.


LaTeX Warning: Reference `sec-tejido' on page 56 undefined on input line 3515.

LaTeX Info: Redefining \. on input line 3547.
LaTeX Info: Redefining \% on input line 3547.
[56]

LaTeX Warning: Reference `sec-tejido' on page 57 undefined on input line 3581.


LaTeX Warning: Reference `thm-transversalidad' on page 57 undefined on input line 3606.


LaTeX Warning: Reference `thm-degenerado' on page 57 undefined on input line 3607.

LaTeX Info: Redefining \. on input line 3637.
LaTeX Info: Redefining \% on input line 3637.
[57]

LaTeX Warning: Reference `thm-transversalidad' on page 58 undefined on input line 3641.


LaTeX Warning: Reference `thm-quiebre' on page 58 undefined on input line 3642.


LaTeX Warning: Reference `sec-generalizadas' on page 58 undefined on input line 3644.

LaTeX Info: Redefining \. on input line 3730.
LaTeX Info: Redefining \% on input line 3730.
[58]

LaTeX Warning: Reference `thm-quiebre' on page 59 undefined on input line 3788.


LaTeX Warning: Reference `tbl-patologias' on page 59 undefined on input line 3795.

LaTeX Info: Redefining \. on input line 3797.
LaTeX Info: Redefining \% on input line 3797.
[59]

LaTeX Warning: Reference `exm-campo-electrico' on page 60 undefined on input line 3837.


LaTeX Warning: Reference `thm-quiebre' on page 60 undefined on input line 3864.

LaTeX Info: Redefining \. on input line 3885.
LaTeX Info: Redefining \% on input line 3885.
[60]

LaTeX Warning: Reference `eq-cuasilineal-1' on page 61 undefined on input line 3894.


LaTeX Warning: Reference `fig-tejido' on page 61 undefined on input line 3912.


LaTeX Warning: Reference `eq-transporte' on page 61 undefined on input line 3917.


LaTeX Warning: Reference `eq-transporte' on page 61 undefined on input line 3934.


LaTeX Warning: Reference `sec-parabolicas' on page 61 undefined on input line 3936.

<08-edp_files/figure-pdf/fig-caracteristicas-output-1.pdf, id=772, 642.8288pt x 252.49394pt>
File: 08-edp_files/figure-pdf/fig-caracteristicas-output-1.pdf Graphic file (type pdf)
<use 08-edp_files/figure-pdf/fig-caracteristicas-output-1.pdf>
Package luatex.def Info: 08-edp_files/figure-pdf/fig-caracteristicas-output-1.pdf  used on input line 3944.
(luatex.def)             Requested size: 642.82722pt x 252.4933pt.

LaTeX Warning: Reference `exm-inhomogenea' on page 61 undefined on input line 3990.

LaTeX Info: Redefining \. on input line 3999.
LaTeX Info: Redefining \% on input line 3999.
[61]
LaTeX Info: Redefining \. on input line 4017.
LaTeX Info: Redefining \% on input line 4017.
[62<./08-edp_files/figure-pdf/fig-caracteristicas-output-1.pdf>]

LaTeX Warning: Reference `sec-edo' on page 63 undefined on input line 4019.


LaTeX Warning: Reference `eq-lineal-homogenea-1' on page 63 undefined on input line 4038.


LaTeX Warning: Reference `eq-lineal-homogenea-1' on page 63 undefined on input line 4055.


LaTeX Warning: Reference `thm-tejido' on page 63 undefined on input line 4063.


LaTeX Warning: Reference `sec-porque' on page 63 undefined on input line 4068.

LaTeX Info: Redefining \. on input line 4112.
LaTeX Info: Redefining \% on input line 4112.
[63]
Missing character: There is no ✓ (U+2713) in font [lmroman10-regular]:+tlig;!
Missing character: There is no ✓ (U+2713) in font [lmroman10-regular]:+tlig;!

LaTeX Warning: Reference `exm-coef-variables' on page 64 undefined on input line 4181.


LaTeX Warning: Reference `exm-coef-variables' on page 64 undefined on input line 4201.

LaTeX Info: Redefining \. on input line 4205.
LaTeX Info: Redefining \% on input line 4205.
[64
Missing character: There is no ✓ (U+2713) in font [lmroman10-regular]:+tlig;!
]

LaTeX Warning: Reference `fig-tejido' on page 65 undefined on input line 4207.


LaTeX Warning: Reference `exm-inhomogenea' on page 65 undefined on input line 4234.


LaTeX Warning: Reference `eq-sistema-n' on page 65 undefined on input line 4267.

LaTeX Info: Redefining \. on input line 4278.
LaTeX Info: Redefining \% on input line 4278.
[65]

LaTeX Warning: Reference `sec-tejido' on page 66 undefined on input line 4331.


LaTeX Warning: Reference `thm-degenerado' on page 66 undefined on input line 4374.

LaTeX Info: Redefining \. on input line 4377.
LaTeX Info: Redefining \% on input line 4377.
[66]

LaTeX Warning: Reference `sec-tejido' on page 67 undefined on input line 4382.


LaTeX Warning: Reference `fig-tejido' on page 67 undefined on input line 4384.


LaTeX Warning: Reference `eq-cuasilineal-1' on page 67 undefined on input line 4395.

Missing character: There is no ✓ (U+2713) in font [lmroman10-regular]:+tlig;!
Missing character: There is no ✓ (U+2713) in font [lmroman10-regular]:+tlig;!
Missing character: There is no ✓ (U+2713) in font [lmroman10-regular]:+tlig;!
Missing character: There is no ✓ (U+2713) in font [lmroman10-regular]:+tlig;!
Missing character: There is no ✓ (U+2713) in font [lmroman10-regular]:+tlig;!

LaTeX Warning: Reference `fig-tejido' on page 67 undefined on input line 4408.


LaTeX Warning: Reference `exr-transporte' on page 67 undefined on input line 4412.


LaTeX Warning: Reference `sec-caracteristicas' on page 67 undefined on input line 4419.


LaTeX Warning: Reference `eq-cuasilineal-1' on page 67 undefined on input line 4420.


Underfull \vbox (badness 6658) has occurred while \output is active []

LaTeX Info: Redefining \. on input line 4424.
LaTeX Info: Redefining \% on input line 4424.
[67
Missing character: There is no ✓ (U+2713) in font [lmroman10-regular]:+tlig;!
Missing character: There is no ✓ (U+2713) in font [lmroman10-regular]:+tlig;!
]

LaTeX Warning: Reference `sec-panorama' on page 68 undefined on input line 4436.

LaTeX Info: Redefining \. on input line 4503.
LaTeX Info: Redefining \% on input line 4503.
[68]

LaTeX Warning: Reference `eq-caract-burgers' on page 69 undefined on input line 4504.


LaTeX Warning: Reference `eq-burgers' on page 69 undefined on input line 4523.


LaTeX Warning: Reference `eq-burgers-implicita' on page 69 undefined on input line 4523.


LaTeX Warning: Reference `eq-burgers-implicita' on page 69 undefined on input line 4524.


LaTeX Warning: Reference `sec-generalizadas' on page 69 undefined on input line 4556.

<08-edp_files/figure-pdf/fig-burgers-output-1.pdf, id=907, 657.28719pt x 252.81451pt>
File: 08-edp_files/figure-pdf/fig-burgers-output-1.pdf Graphic file (type pdf)
<use 08-edp_files/figure-pdf/fig-burgers-output-1.pdf>
Package luatex.def Info: 08-edp_files/figure-pdf/fig-burgers-output-1.pdf  used on input line 4564.
(luatex.def)             Requested size: 657.28558pt x 252.81389pt.

LaTeX Warning: Reference `exm-cuasilineales' on page 69 undefined on input line 4593.

LaTeX Info: Redefining \. on input line 4600.
LaTeX Info: Redefining \% on input line 4600.
[69]

LaTeX Warning: Reference `thm-quiebre' on page 70 undefined on input line 4643.

LaTeX Info: Redefining \. on input line 4645.
LaTeX Info: Redefining \% on input line 4645.
[70<./08-edp_files/figure-pdf/fig-burgers-output-1.pdf>]

LaTeX Warning: Reference `exr-debil-escalon' on page 71 undefined on input line 4728.

LaTeX Info: Redefining \. on input line 4736.
LaTeX Info: Redefining \% on input line 4736.
[71]

LaTeX Warning: Reference `exm-trafico' on page 72 undefined on input line 4740.


LaTeX Warning: Reference `sec-tejido' on page 72 undefined on input line 4789.

LaTeX Info: Redefining \. on input line 4812.
LaTeX Info: Redefining \% on input line 4812.
[72]

LaTeX Warning: Reference `eq-cuasilineal-general' on page 73 undefined on input line 4814.


LaTeX Warning: Reference `eq-transversalidad' on page 73 undefined on input line 4819.


LaTeX Warning: Reference `eq-transversalidad' on page 73 undefined on input line 4856.


LaTeX Warning: Reference `eq-compatibilidad' on page 73 undefined on input line 4871.


LaTeX Warning: Reference `thm-degenerado' on page 73 undefined on input line 4901.

LaTeX Info: Redefining \. on input line 4905.
LaTeX Info: Redefining \% on input line 4905.
[73]

LaTeX Warning: Reference `eq-compatibilidad' on page 74 undefined on input line 4926.


LaTeX Warning: Reference `fig-tejido' on page 74 undefined on input line 4967.


LaTeX Warning: Reference `thm-quiebre' on page 74 undefined on input line 4981.


LaTeX Warning: Reference `eq-transversalidad' on page 74 undefined on input line 4990.


LaTeX Warning: Reference `thm-degenerado' on page 74 undefined on input line 4991.

LaTeX Info: Redefining \. on input line 4992.
LaTeX Info: Redefining \% on input line 4992.
[74]

LaTeX Warning: Reference `exr-caracteristicas-basicas' on page 75 undefined on input line 5041.


LaTeX Warning: Reference `thm-transversalidad' on page 75 undefined on input line 5051.


LaTeX Warning: Reference `exm-dos-buenos' on page 75 undefined on input line 5060.


LaTeX Warning: Reference `thm-quiebre' on page 75 undefined on input line 5064.

Missing character: There is no ✓ (U+2713) in font [lmroman10-regular]:+tlig;!
Missing character: There is no ✓ (U+2713) in font [lmroman10-regular]:+tlig;!

LaTeX Warning: Reference `thm-quiebre' on page 75 undefined on input line 5083.

LaTeX Info: Redefining \. on input line 5097.
LaTeX Info: Redefining \% on input line 5097.
[75
Missing character: There is no ✓ (U+2713) in font [lmroman10-regular]:+tlig;!
]

LaTeX Warning: Reference `thm-general-homogenea' on page 76 undefined on input line 5103.


LaTeX Warning: Reference `eq-cuasilineal-general' on page 76 undefined on input line 5114.


LaTeX Warning: Reference `eq-ecuacion-general' on page 76 undefined on input line 5117.

LaTeX Info: Redefining \. on input line 5151.
LaTeX Info: Redefining \% on input line 5151.
[76]

LaTeX Warning: Reference `sec-no-lineales' on page 77 undefined on input line 5162.


LaTeX Warning: Reference `eq-hamilton-jacobi' on page 77 undefined on input line 5166.

Missing character: There is no ✓ (U+2713) in font [lmroman10-regular]:+tlig;!
Missing character: There is no ✓ (U+2713) in font [lmroman10-regular]:+tlig;!

LaTeX Warning: Reference `sec-ecuacion-general' on page 77 undefined on input line 5233.

LaTeX Info: Redefining \. on input line 5237.
LaTeX Info: Redefining \% on input line 5237.
[77]

LaTeX Warning: Reference `eq-semilineal-2var' on page 78 undefined on input line 5243.


LaTeX Warning: Reference `sec-semilineales' on page 78 undefined on input line 5243.


LaTeX Warning: Reference `eq-general' on page 78 undefined on input line 5309.


LaTeX Warning: Reference `eq-general' on page 78 undefined on input line 5317.

LaTeX Info: Redefining \. on input line 5331.
LaTeX Info: Redefining \% on input line 5331.
[78
Missing character: There is no ✓ (U+2713) in font [lmroman10-regular]:+tlig;!
]

Package longtable Warning: Column widths have changed
(longtable)                in none 3 on input line 5331.


LaTeX Warning: Reference `eq-general' on page 79 undefined on input line 5358.


LaTeX Warning: Reference `sec-formas-canonicas' on page 79 undefined on input line 5375.


LaTeX Warning: Reference `eq-general' on page 79 undefined on input line 5376.


LaTeX Warning: Reference `sec-formas-canonicas' on page 79 undefined on input line 5383.


LaTeX Warning: Reference `eq-forma-cuadratica' on page 79 undefined on input line 5386.


LaTeX Warning: Reference `eq-general' on page 79 undefined on input line 5393.

LaTeX Info: Redefining \. on input line 5416.
LaTeX Info: Redefining \% on input line 5416.
[79]

LaTeX Warning: Reference `sec-caracteristicas' on page 80 undefined on input line 5418.

<08-edp_files/figure-pdf/fig-conicas-output-1.pdf, id=1080, 671.64803pt x 237.30658pt>
File: 08-edp_files/figure-pdf/fig-conicas-output-1.pdf Graphic file (type pdf)
<use 08-edp_files/figure-pdf/fig-conicas-output-1.pdf>
Package luatex.def Info: 08-edp_files/figure-pdf/fig-conicas-output-1.pdf  used on input line 5492.
(luatex.def)             Requested size: 671.6464pt x 237.30598pt.

LaTeX Warning: Reference `sec-porque' on page 80 undefined on input line 5548.

LaTeX Info: Redefining \. on input line 5565.
LaTeX Info: Redefining \% on input line 5565.
[80]
LaTeX Info: Redefining \. on input line 5624.
LaTeX Info: Redefining \% on input line 5624.
[81<./08-edp_files/figure-pdf/fig-conicas-output-1.pdf>]

LaTeX Warning: Reference `sec-formas-canonicas' on page 82 undefined on input line 5635.


LaTeX Warning: Reference `exr-clasificar' on page 82 undefined on input line 5682.


LaTeX Warning: Reference `tbl-autovalores' on page 82 undefined on input line 5684.


LaTeX Warning: Reference `tbl-autovalores' on page 82 undefined on input line 5695.

Missing character: There is no ✓ (U+2713) in font [lmroman10-regular]:+tlig;!
Missing character: There is no ✓ (U+2713) in font [lmroman10-regular]:+tlig;!
Missing character: There is no ✓ (U+2713) in font [lmroman10-regular]:+tlig;!
Missing character: There is no ✓ (U+2713) in font [lmroman10-regular]:+tlig;!
Missing character: There is no ✓ (U+2713) in font [lmroman10-regular]:+tlig;!
LaTeX Info: Redefining \. on input line 5717.
LaTeX Info: Redefining \% on input line 5717.
[82
Missing character: There is no ✓ (U+2713) in font [lmroman10-regular]:+tlig;!
Missing character: There is no ✓ (U+2713) in font [lmroman10-regular]:+tlig;!
]

LaTeX Warning: Reference `sec-formas-canonicas' on page 83 undefined on input line 5738.


LaTeX Warning: Reference `thm-clasificacion' on page 83 undefined on input line 5751.


LaTeX Warning: Reference `eq-forma-cuadratica' on page 83 undefined on input line 5754.


LaTeX Warning: Reference `sec-formas-canonicas' on page 83 undefined on input line 5758.


LaTeX Warning: Reference `sec-caracteristicas' on page 83 undefined on input line 5777.


LaTeX Warning: Reference `tbl-datos' on page 83 undefined on input line 5790.

LaTeX Info: Redefining \. on input line 5802.
LaTeX Info: Redefining \% on input line 5802.
[83]

LaTeX Warning: Reference `exm-transonico' on page 84 undefined on input line 5808.


LaTeX Warning: Reference `exm-tricomi' on page 84 undefined on input line 5821.

LaTeX Info: Redefining \. on input line 5879.
LaTeX Info: Redefining \% on input line 5879.
[84]

LaTeX Warning: Reference `exr-superficie-minima' on page 85 undefined on input line 5983.

LaTeX Info: Redefining \. on input line 6007.
LaTeX Info: Redefining \% on input line 6007.
[85]
Missing character: There is no ✓ (U+2713) in font [lmroman10-regular]:+tlig;!
Missing character: There is no ✓ (U+2713) in font [lmroman10-regular]:+tlig;!
LaTeX Info: Redefining \. on input line 6046.
LaTeX Info: Redefining \% on input line 6046.
[86
Missing character: There is no ✓ (U+2713) in font [lmroman10-regular]:+tlig;!
]

LaTeX Warning: Reference `eq-trivial2' on page 87 undefined on input line 6084.


LaTeX Warning: Reference `sec-porque' on page 87 undefined on input line 6085.


LaTeX Warning: Reference `sec-porque' on page 87 undefined on input line 6095.


LaTeX Warning: Reference `sec-caracteristicas' on page 87 undefined on input line 6114.


LaTeX Warning: Reference `eq-onda-canonica' on page 87 undefined on input line 6133.

LaTeX Info: Redefining \. on input line 6142.
LaTeX Info: Redefining \% on input line 6142.
[87]

LaTeX Warning: Reference `eq-sol-transporte' on page 88 undefined on input line 6165.


LaTeX Warning: Reference `exr-dalembert' on page 88 undefined on input line 6170.


LaTeX Warning: Reference `eq-general' on page 88 undefined on input line 6176.


LaTeX Warning: Reference `eq-general' on page 88 undefined on input line 6199.


LaTeX Warning: Reference `def-forma-cuadratica-asociada' on page 88 undefined on input line 6226.


LaTeX Warning: Reference `sec-conicas' on page 88 undefined on input line 6234.

LaTeX Info: Redefining \. on input line 6247.
LaTeX Info: Redefining \% on input line 6247.
[88]
LaTeX Info: Redefining \. on input line 6293.
LaTeX Info: Redefining \% on input line 6293.
[89]

LaTeX Warning: Reference `sec-caracteristicas' on page 90 undefined on input line 6306.


LaTeX Warning: Reference `eq-edo-caracteristicas' on page 90 undefined on input line 6317.


LaTeX Warning: Reference `eq-general' on page 90 undefined on input line 6318.

<08-edp_files/figure-pdf/fig-coordenadas-output-1.pdf, id=1220, 538.93257pt x 245.16255pt>
File: 08-edp_files/figure-pdf/fig-coordenadas-output-1.pdf Graphic file (type pdf)
<use 08-edp_files/figure-pdf/fig-coordenadas-output-1.pdf>
Package luatex.def Info: 08-edp_files/figure-pdf/fig-coordenadas-output-1.pdf  used on input line 6352.
(luatex.def)             Requested size: 538.93124pt x 245.16194pt.

LaTeX Warning: Reference `eq-edo-caracteristicas' on page 90 undefined on input line 6374.


LaTeX Warning: Reference `eq-onda-canonica' on page 90 undefined on input line 6379.

LaTeX Info: Redefining \. on input line 6385.
LaTeX Info: Redefining \% on input line 6385.
[90]

LaTeX Warning: Reference `exm-onda-fuente' on page 91 undefined on input line 6390.


LaTeX Warning: Reference `fig-tres-mundos' on page 91 undefined on input line 6418.

LaTeX Info: Redefining \. on input line 6427.
LaTeX Info: Redefining \% on input line 6427.
[91<./08-edp_files/figure-pdf/fig-coordenadas-output-1.pdf>]

LaTeX Warning: Reference `exr-dalembert' on page 92 undefined on input line 6431.


LaTeX Warning: Reference `sec-tres-mundos' on page 92 undefined on input line 6472.


LaTeX Warning: Reference `eq-edo-caracteristicas' on page 92 undefined on input line 6486.

LaTeX Info: Redefining \. on input line 6488.
LaTeX Info: Redefining \% on input line 6488.
[92]

LaTeX Warning: Reference `fig-coordenadas' on page 93 undefined on input line 6490.


LaTeX Warning: Reference `eq-alfa-beta-gamma' on page 93 undefined on input line 6496.

LaTeX Info: Redefining \. on input line 6551.
LaTeX Info: Redefining \% on input line 6551.
[93]

LaTeX Warning: Reference `sec-tres-mundos' on page 94 undefined on input line 6601.


LaTeX Warning: Reference `eq-alfa-beta-gamma' on page 94 undefined on input line 6623.

LaTeX Info: Redefining \. on input line 6630.
LaTeX Info: Redefining \% on input line 6630.
[94]

LaTeX Warning: Reference `eq-edo-caracteristicas' on page 95 undefined on input line 6662.

LaTeX Info: Redefining \. on input line 6707.
LaTeX Info: Redefining \% on input line 6707.
[95]

LaTeX Warning: Reference `eq-edo-caracteristicas' on page 96 undefined on input line 6714.


LaTeX Warning: Reference `eq-alfa-beta-gamma' on page 96 undefined on input line 6722.


LaTeX Warning: Reference `eq-edo-caracteristicas' on page 96 undefined on input line 6755.

Missing character: There is no ✓ (U+2713) in font [lmroman10-regular]:+tlig;!
Missing character: There is no ✓ (U+2713) in font [lmroman10-regular]:+tlig;!
Missing character: There is no ✓ (U+2713) in font [lmroman10-regular]:+tlig;!
Missing character: There is no ✓ (U+2713) in font [lmroman10-regular]:+tlig;!
Missing character: There is no ✓ (U+2713) in font [lmroman10-regular]:+tlig;!
Missing character: There is no ✓ (U+2713) in font [lmroman10-regular]:+tlig;!
Missing character: There is no ✓ (U+2713) in font [lmroman10-regular]:+tlig;!
Missing character: There is no ✓ (U+2713) in font [lmroman10-regular]:+tlig;!
Missing character: There is no ✓ (U+2713) in font [lmroman10-regular]:+tlig;!
Missing character: There is no ✓ (U+2713) in font [lmroman10-regular]:+tlig;!
Missing character: There is no ✓ (U+2713) in font [lmroman10-regular]:+tlig;!
Missing character: There is no ✓ (U+2713) in font [lmroman10-regular]:+tlig;!
Missing character: There is no ✓ (U+2713) in font [lmroman10-regular]:+tlig;!
LaTeX Info: Redefining \. on input line 6793.
LaTeX Info: Redefining \% on input line 6793.
[96
Missing character: There is no ✓ (U+2713) in font [lmroman10-regular]:+tlig;!
Missing character: There is no ✓ (U+2713) in font [lmroman10-regular]:+tlig;!
]

LaTeX Warning: Reference `eq-edo-caracteristicas' on page 97 undefined on input line 6804.


LaTeX Warning: Reference `eq-edo-caracteristicas' on page 97 undefined on input line 6804.

LaTeX Info: Redefining \. on input line 6858.
LaTeX Info: Redefining \% on input line 6858.
[97
Missing character: There is no ✓ (U+2713) in font [lmroman10-regular]:+tlig;!
Missing character: There is no ✓ (U+2713) in font [lmroman10-regular]:+tlig;!
Missing character: There is no ✓ (U+2713) in font [lmroman10-regular]:+tlig;!
]

LaTeX Warning: Reference `sec-conicas' on page 98 undefined on input line 6866.


LaTeX Warning: Reference `def-forma-cuadratica-asociada' on page 98 undefined on input line 6875.


LaTeX Warning: Reference `sec-clasificacion' on page 98 undefined on input line 6903.

LaTeX Info: Redefining \. on input line 6927.
LaTeX Info: Redefining \% on input line 6927.
[98]

LaTeX Warning: Reference `sec-clasificacion' on page 99 undefined on input line 6975.


LaTeX Warning: Reference `def-clasificacion-n' on page 99 undefined on input line 6999.

LaTeX Info: Redefining \. on input line 7057.
LaTeX Info: Redefining \% on input line 7057.
[99]
<08-edp_files/figure-pdf/fig-cuadricas-output-1.pdf, id=1341, 669.702pt x 224.037pt>
File: 08-edp_files/figure-pdf/fig-cuadricas-output-1.pdf Graphic file (type pdf)
<use 08-edp_files/figure-pdf/fig-cuadricas-output-1.pdf>
Package luatex.def Info: 08-edp_files/figure-pdf/fig-cuadricas-output-1.pdf  used on input line 7063.
(luatex.def)             Requested size: 669.70036pt x 224.03644pt.

LaTeX Warning: Reference `tbl-cuadricas' on page 100 undefined on input line 7075.


LaTeX Warning: Reference `tbl-cuadricas' on page 100 undefined on input line 7075.


Underfull \vbox (badness 10000) has occurred while \output is active []

LaTeX Info: Redefining \. on input line 7120.
LaTeX Info: Redefining \% on input line 7120.
[100<./08-edp_files/figure-pdf/fig-cuadricas-output-1.pdf>]

LaTeX Warning: Reference `def-clasificacion-n' on page 101 undefined on input line 7143.


LaTeX Warning: Reference `def-clasificacion-n' on page 101 undefined on input line 7155.

LaTeX Info: Redefining \. on input line 7170.
LaTeX Info: Redefining \% on input line 7170.
[101]

LaTeX Warning: Reference `eq-cambio-lineal' on page 102 undefined on input line 7233.


LaTeX Warning: Reference `sec-formas-canonicas' on page 102 undefined on input line 7245.

LaTeX Info: Redefining \. on input line 7274.
LaTeX Info: Redefining \% on input line 7274.
[102]

LaTeX Warning: Reference `fig-cuadricas' on page 103 undefined on input line 7314.


LaTeX Warning: Reference `fig-cuadricas' on page 103 undefined on input line 7321.


LaTeX Warning: Reference `exr-clasificar' on page 103 undefined on input line 7329.

LaTeX Info: Redefining \. on input line 7364.
LaTeX Info: Redefining \% on input line 7364.
[103]

LaTeX Warning: Reference `exr-dominio-dependencia' on page 104 undefined on input line 7383.


LaTeX Warning: Reference `sec-hadamard' on page 104 undefined on input line 7399.


LaTeX Warning: Reference `sec-green-varias' on page 104 undefined on input line 7411.


LaTeX Warning: Reference `sec-separacion' on page 104 undefined on input line 7412.


LaTeX Warning: Reference `sec-laplace' on page 104 undefined on input line 7420.


LaTeX Warning: Reference `sec-tfourier' on page 104 undefined on input line 7421.

LaTeX Info: Redefining \. on input line 7460.
LaTeX Info: Redefining \% on input line 7460.
[104]

LaTeX Warning: Reference `sec-separacion' on page 105 undefined on input line 7488.


LaTeX Warning: Reference `def-condiciones' on page 105 undefined on input line 7546.

LaTeX Info: Redefining \. on input line 7548.
LaTeX Info: Redefining \% on input line 7548.
[105]

LaTeX Warning: Reference `eq-general-transformadas' on page 106 undefined on input line 7577.


LaTeX Warning: Reference `eq-robin-t' on page 106 undefined on input line 7592.

LaTeX Info: Redefining \. on input line 7627.
LaTeX Info: Redefining \% on input line 7627.
[106]

LaTeX Warning: Reference `tbl-terminos' on page 107 undefined on input line 7639.


LaTeX Warning: Reference `eq-helmholtz' on page 107 undefined on input line 7652.


LaTeX Warning: Reference `sec-sturm' on page 107 undefined on input line 7656.


LaTeX Warning: Reference `sec-green' on page 107 undefined on input line 7657.


LaTeX Warning: Reference `eq-helmholtz' on page 107 undefined on input line 7699.


LaTeX Warning: Reference `sec-sturm' on page 107 undefined on input line 7704.

LaTeX Info: Redefining \. on input line 7734.
LaTeX Info: Redefining \% on input line 7734.
[107]

LaTeX Warning: Reference `sec-laplace' on page 108 undefined on input line 7771.

LaTeX Info: Redefining \. on input line 7772.
LaTeX Info: Redefining \% on input line 7772.
[108]

LaTeX Warning: Reference `exm-cuerda-forzada' on page 109 undefined on input line 7824.


LaTeX Warning: Reference `exm-cuerda-forzada' on page 109 undefined on input line 7839.

LaTeX Info: Redefining \. on input line 7898.
LaTeX Info: Redefining \% on input line 7898.
[109]

LaTeX Warning: Reference `sec-separacion' on page 110 undefined on input line 7943.


LaTeX Warning: Reference `eq-robin-t' on page 110 undefined on input line 7972.

LaTeX Info: Redefining \. on input line 7981.
LaTeX Info: Redefining \% on input line 7981.
[110]

LaTeX Warning: Reference `sec-hadamard' on page 111 undefined on input line 8009.


LaTeX Warning: Reference `tbl-transformadas' on page 111 undefined on input line 8011.


LaTeX Warning: Reference `eq-robin-t' on page 111 undefined on input line 8045.


LaTeX Warning: Reference `sec-casi-lineales' on page 111 undefined on input line 8061.

LaTeX Info: Redefining \. on input line 8071.
LaTeX Info: Redefining \% on input line 8071.
[111]

LaTeX Warning: Reference `sec-lineales' on page 112 undefined on input line 8083.


LaTeX Warning: Reference `sec-transformadas' on page 112 undefined on input line 8122.

LaTeX Info: Redefining \. on input line 8123.
LaTeX Info: Redefining \% on input line 8123.
[112]

LaTeX Warning: Reference `eq-problema-green-1' on page 113 undefined on input line 8136.


LaTeX Warning: Reference `eq-def-green' on page 113 undefined on input line 8154.


LaTeX Warning: Reference `eq-problema-green-1' on page 113 undefined on input line 8160.


LaTeX Warning: Reference `sec-distribuciones' on page 113 undefined on input line 8173.


LaTeX Warning: Reference `eq-solucion-green' on page 113 undefined on input line 8190.


LaTeX Warning: Reference `sec-transformadas' on page 113 undefined on input line 8193.

LaTeX Info: Redefining \. on input line 8230.
LaTeX Info: Redefining \% on input line 8230.
[113]

LaTeX Warning: Reference `eq-solucion-green' on page 114 undefined on input line 8234.


LaTeX Warning: Reference `eq-solucion-green' on page 114 undefined on input line 8272.

LaTeX Info: Redefining \. on input line 8305.
LaTeX Info: Redefining \% on input line 8305.
[114]

LaTeX Warning: Reference `eq-problema-green-2' on page 115 undefined on input line 8310.


LaTeX Warning: Reference `sec-lineales' on page 115 undefined on input line 8337.


LaTeX Warning: Reference `exm-green-cuerda' on page 115 undefined on input line 8389.


LaTeX Warning: Reference `sec-green-caso-2' on page 115 undefined on input line 8394.

LaTeX Info: Redefining \. on input line 8406.
LaTeX Info: Redefining \% on input line 8406.
[115]

LaTeX Warning: Reference `exm-green-cuerda' on page 116 undefined on input line 8457.

LaTeX Info: Redefining \. on input line 8476.
LaTeX Info: Redefining \% on input line 8476.
[116]

LaTeX Warning: Reference `eq-green-cuerda' on page 117 undefined on input line 8478.


LaTeX Warning: Reference `sec-sturm' on page 117 undefined on input line 8487.


LaTeX Warning: Reference `eq-green-cuerda' on page 117 undefined on input line 8494.


LaTeX Warning: Reference `eq-green-cuerda' on page 117 undefined on input line 8504.

Missing character: There is no ✓ (U+2713) in font [lmroman10-regular]:+tlig;!
Missing character: There is no ✓ (U+2713) in font [lmroman10-regular]:+tlig;!
Missing character: There is no ✓ (U+2713) in font [lmroman10-regular]:+tlig;!
Missing character: There is no ✓ (U+2713) in font [lmroman10-regular]:+tlig;!
Missing character: There is no ✓ (U+2713) in font [lmroman10-regular]:+tlig;!
Missing character: There is no ✓ (U+2713) in font [lmroman10-regular]:+tlig;!
Missing character: There is no ✓ (U+2713) in font [lmroman10-regular]:+tlig;!
Missing character: There is no ✓ (U+2713) in font [lmroman10-regular]:+tlig;!
Missing character: There is no ✓ (U+2713) in font [lmroman10-regular]:+tlig;!
Missing character: There is no ✓ (U+2713) in font [lmroman10-regular]:+tlig;!
Missing character: There is no ✓ (U+2713) in font [lmroman10-regular]:+tlig;!

LaTeX Warning: Reference `eq-green-cuerda' on page 117 undefined on input line 8542.


LaTeX Warning: Reference `eq-solucion-green' on page 117 undefined on input line 8551.

Missing character: There is no ✓ (U+2713) in font [lmroman10-regular]:+tlig;!
Missing character: There is no ✓ (U+2713) in font [lmroman10-regular]:+tlig;!
LaTeX Info: Redefining \. on input line 8575.
LaTeX Info: Redefining \% on input line 8575.
[117
Missing character: There is no ✓ (U+2713) in font [lmroman10-regular]:+tlig;!
Missing character: There is no ✓ (U+2713) in font [lmroman10-regular]:+tlig;!
Missing character: There is no ✓ (U+2713) in font [lmroman10-regular]:+tlig;!
Missing character: There is no ✓ (U+2713) in font [lmroman10-regular]:+tlig;!
Missing character: There is no ✓ (U+2713) in font [lmroman10-regular]:+tlig;!
]
LaTeX Info: Redefining \. on input line 8622.
LaTeX Info: Redefining \% on input line 8622.
[118
Missing character: There is no ✓ (U+2713) in font [lmroman10-regular]:+tlig;!
]

LaTeX Warning: Reference `sec-lineales' on page 119 undefined on input line 8670.


LaTeX Warning: Reference `sec-fourier' on page 119 undefined on input line 8676.

LaTeX Info: Redefining \. on input line 8705.
LaTeX Info: Redefining \% on input line 8705.
[119]

LaTeX Warning: Reference `eq-serie-cuerda' on page 120 undefined on input line 8764.


LaTeX Warning: Reference `eq-serie-cuerda' on page 120 undefined on input line 8767.

LaTeX Info: Redefining \. on input line 8769.
LaTeX Info: Redefining \% on input line 8769.
[120]

LaTeX Warning: Reference `eq-serie-cuerda' on page 121 undefined on input line 8842.

LaTeX Info: Redefining \. on input line 8845.
LaTeX Info: Redefining \% on input line 8845.
[121]

LaTeX Warning: Reference `exr-helmholtz-modos' on page 122 undefined on input line 8860.


LaTeX Warning: Reference `eq-serie-cuerda' on page 122 undefined on input line 8890.


LaTeX Warning: Reference `eq-coeficientes-cuerda' on page 122 undefined on input line 8925.

LaTeX Info: Redefining \. on input line 8935.
LaTeX Info: Redefining \% on input line 8935.
[122]

LaTeX Warning: Reference `eq-coeficientes-cuerda' on page 123 undefined on input line 8944.


LaTeX Warning: Reference `sec-tres-mundos' on page 123 undefined on input line 8997.


LaTeX Warning: Reference `sec-tres-mundos' on page 123 undefined on input line 9025.


LaTeX Warning: Reference `sec-hadamard' on page 123 undefined on input line 9040.

LaTeX Info: Redefining \. on input line 9044.
LaTeX Info: Redefining \% on input line 9044.
[123]
LaTeX Info: Redefining \. on input line 9086.
LaTeX Info: Redefining \% on input line 9086.
[124]

LaTeX Warning: Reference `sec-transformadas' on page 125 undefined on input line 9100.


LaTeX Warning: Reference `eq-autovalores-viga' on page 125 undefined on input line 9112.


LaTeX Warning: Reference `eq-viga-separada' on page 125 undefined on input line 9116.


LaTeX Warning: Reference `exm-viga' on page 125 undefined on input line 9139.


LaTeX Warning: Reference `eq-autovalores-viga' on page 125 undefined on input line 9146.

LaTeX Info: Redefining \. on input line 9185.
LaTeX Info: Redefining \% on input line 9185.
[125]

LaTeX Warning: Reference `sec-green-varias' on page 126 undefined on input line 9234.

LaTeX Info: Redefining \. on input line 9248.
LaTeX Info: Redefining \% on input line 9248.
[126]

LaTeX Warning: Reference `exr-helmholtz-modos' on page 127 undefined on input line 9266.


LaTeX Warning: Reference `sec-casi-lineales' on page 127 undefined on input line 9290.

LaTeX Info: Redefining \. on input line 9329.
LaTeX Info: Redefining \% on input line 9329.
[127]

LaTeX Warning: Reference `sec-caracteristicas' on page 128 undefined on input line 9364.


LaTeX Warning: Reference `sec-transformadas' on page 128 undefined on input line 9367.


LaTeX Warning: Reference `sec-green-varias' on page 128 undefined on input line 9370.


LaTeX Warning: Reference `sec-separacion' on page 128 undefined on input line 9374.


LaTeX Warning: Reference `def-edp' on page 128 undefined on input line 9417.

LaTeX Info: Redefining \. on input line 9432.
LaTeX Info: Redefining \% on input line 9432.
[128]

LaTeX Warning: Reference `def-solucion-clasica' on page 129 undefined on input line 9449.


LaTeX Warning: Reference `def-parte-principal' on page 129 undefined on input line 9483.


LaTeX Warning: Reference `def-lineal' on page 129 undefined on input line 9507.

LaTeX Info: Redefining \. on input line 9525.
LaTeX Info: Redefining \% on input line 9525.
[129]

LaTeX Warning: Reference `def-semilineal' on page 130 undefined on input line 9533.


LaTeX Warning: Reference `def-cuasilineal' on page 130 undefined on input line 9553.


LaTeX Warning: Reference `def-no-lineal' on page 130 undefined on input line 9574.


LaTeX Warning: Reference `def-bien-planteado' on page 130 undefined on input line 9634.


Underfull \vbox (badness 10000) has occurred while \output is active []

LaTeX Info: Redefining \. on input line 9657.
LaTeX Info: Redefining \% on input line 9657.
[130]

LaTeX Warning: Reference `def-condiciones' on page 131 undefined on input line 9694.


LaTeX Warning: Reference `def-superficie-solucion' on page 131 undefined on input line 9730.

LaTeX Info: Redefining \. on input line 9744.
LaTeX Info: Redefining \% on input line 9744.
[131]

LaTeX Warning: Reference `def-campo-integral' on page 132 undefined on input line 9765.

LaTeX Info: Redefining \. on input line 9824.
LaTeX Info: Redefining \% on input line 9824.
[132]

Package longtable Warning: Column widths have changed
(longtable)                in table 8.16 on input line 9824.


LaTeX Warning: Reference `def-sistema-caracteristico' on page 133 undefined on input line 9853.

LaTeX Info: Redefining \. on input line 9898.
LaTeX Info: Redefining \% on input line 9898.
[133]

LaTeX Warning: Reference `def-primera-integral' on page 134 undefined on input line 9910.


LaTeX Warning: Reference `thm-general-homogenea' on page 134 undefined on input line 9933.


LaTeX Warning: Reference `thm-transversalidad' on page 134 undefined on input line 9990.


Underfull \hbox (badness 1320) in paragraph at lines 9992--9996
[]\TU/lmr/m/n/10.95 Sean $\TU/latinmodern-math.otf(1)/m/n/10.95 𝑎[]$\TU/lmr/m/n/10.95 , $\TU/latinmodern-math.otf(1)/m/n/10.95 𝑎[]$ \TU/lmr/m/n/10.95 y $\TU/latinmodern-math.otf(1)/m/n/10.95 𝑎$ \TU/lmr/m/n/10.95 de cla-se $\TU/latinmodern-math.otf(1)/m/n/10.95 𝐶[]$ \TU/lmr/m/n/10.95 en un do-mi-nio de $\TU/latinmodern-math.otf(1)/m/n/10.95 ℝ[]$ \TU/lmr/m/n/10.95 que con-tie-ne al pun-to
 []

LaTeX Info: Redefining \. on input line 10014.
LaTeX Info: Redefining \% on input line 10014.
[134]
LaTeX Info: Redefining \. on input line 10085.
LaTeX Info: Redefining \% on input line 10085.
[135]

LaTeX Warning: Reference `def-discriminante' on page 136 undefined on input line 10110.


LaTeX Warning: Reference `thm-clasificacion' on page 136 undefined on input line 10124.


Package longtable Warning: Column widths have changed
(longtable)                in none 6 on input line 10140.

LaTeX Info: Redefining \. on input line 10175.
LaTeX Info: Redefining \% on input line 10175.
[136]

LaTeX Warning: Reference `def-curvas-caracteristicas-2' on page 137 undefined on input line 10190.


Overfull \hbox (5.97124pt too wide) in paragraph at lines 10257--10264
[]\TU/lmr/m/it/10.95 Hi-per-bó-li-cas. \TU/lmr/m/n/10.95 Las dos con-di-cio-nes son $\TU/latinmodern-math.otf(1)/m/n/10.95 𝜉[] + [] 𝜉[] = 0$ \TU/lmr/m/n/10.95 y $\TU/latinmodern-math.otf(1)/m/n/10.95 𝜓[] + [] 𝜓[] =
 []

LaTeX Info: Redefining \. on input line 10281.
LaTeX Info: Redefining \% on input line 10281.
[137]

LaTeX Warning: Reference `def-signatura' on page 138 undefined on input line 10317.


LaTeX Warning: Reference `def-clasificacion-n' on page 138 undefined on input line 10345.

LaTeX Info: Redefining \. on input line 10387.
LaTeX Info: Redefining \% on input line 10387.
[138]

LaTeX Warning: Reference `def-helmholtz' on page 139 undefined on input line 10446.

LaTeX Info: Redefining \. on input line 10457.
LaTeX Info: Redefining \% on input line 10457.
[139]

LaTeX Warning: Reference `def-green-varias' on page 140 undefined on input line 10481.


LaTeX Warning: Reference `thm-green-varias' on page 140 undefined on input line 10504.


LaTeX Warning: Reference `def-green-modificada' on page 140 undefined on input line 10535.

LaTeX Info: Redefining \. on input line 10554.
LaTeX Info: Redefining \% on input line 10554.
[140]
LaTeX Info: Redefining \. on input line 10624.
LaTeX Info: Redefining \% on input line 10624.
[141]
LaTeX Info: Redefining \. on input line 10701.
LaTeX Info: Redefining \% on input line 10701.
[142]

Package longtable Warning: Column widths have changed
(longtable)                in none 8 on input line 10740.


Package longtable Warning: Column widths have changed
(longtable)                in none 9 on input line 10761.


Package longtable Warning: Column widths have changed
(longtable)                in none 10 on input line 10779.


Package longtable Warning: Column widths have changed
(longtable)                in none 11 on input line 10805.

LaTeX Info: Redefining \. on input line 10805.
LaTeX Info: Redefining \% on input line 10805.
[143]
LaTeX Info: Redefining \. on input line 10907.
LaTeX Info: Redefining \% on input line 10907.
[144]

LaTeX Warning: Reference `sec-porque' on page 145 undefined on input line 10922.


LaTeX Warning: Reference `def-parte-principal' on page 145 undefined on input line 10932.


LaTeX Warning: Reference `fig-linealidad' on page 145 undefined on input line 10946.


LaTeX Warning: Reference `tbl-linealidad' on page 145 undefined on input line 10947.


LaTeX Warning: Reference `def-bien-planteado' on page 145 undefined on input line 10957.


LaTeX Warning: Reference `sec-hadamard' on page 145 undefined on input line 10969.


LaTeX Warning: Reference `tbl-datos' on page 145 undefined on input line 10980.


Underfull \vbox (badness 3428) has occurred while \output is active []

LaTeX Info: Redefining \. on input line 10982.
LaTeX Info: Redefining \% on input line 10982.
[145]

LaTeX Warning: Reference `def-solucion-debil' on page 146 undefined on input line 10992.


LaTeX Warning: Reference `sec-observador' on page 146 undefined on input line 11003.


LaTeX Warning: Reference `thm-tejido' on page 146 undefined on input line 11003.


LaTeX Warning: Reference `eq-campo' on page 146 undefined on input line 11013.


LaTeX Warning: Reference `thm-transversalidad' on page 146 undefined on input line 11023.


LaTeX Warning: Reference `thm-degenerado' on page 146 undefined on input line 11024.


LaTeX Warning: Reference `thm-quiebre' on page 146 undefined on input line 11035.


LaTeX Warning: Reference `sec-conicas' on page 146 undefined on input line 11046.


Underfull \vbox (badness 10000) has occurred while \output is active []

LaTeX Info: Redefining \. on input line 11057.
LaTeX Info: Redefining \% on input line 11057.
[146]

LaTeX Warning: Reference `tbl-canonicas' on page 147 undefined on input line 11066.


LaTeX Warning: Reference `exr-dalembert' on page 147 undefined on input line 11077.


LaTeX Warning: Reference `exr-dominio-dependencia' on page 147 undefined on input line 11088.


LaTeX Warning: Reference `def-clasificacion-n' on page 147 undefined on input line 11099.


LaTeX Warning: Reference `fig-cuadricas' on page 147 undefined on input line 11109.


LaTeX Warning: Reference `tbl-conteo' on page 147 undefined on input line 11119.


LaTeX Warning: Reference `sec-transformadas' on page 147 undefined on input line 11128.


Underfull \vbox (badness 10000) has occurred while \output is active []

LaTeX Info: Redefining \. on input line 11130.
LaTeX Info: Redefining \% on input line 11130.
[147]

LaTeX Warning: Reference `def-green-varias' on page 148 undefined on input line 11138.


LaTeX Warning: Reference `sec-cuerda-separacion' on page 148 undefined on input line 11148.


LaTeX Warning: Reference `exr-helmholtz-modos' on page 148 undefined on input line 11171.


LaTeX Warning: Reference `exm-viga' on page 148 undefined on input line 11171.


LaTeX Warning: Reference `tbl-elegir' on page 148 undefined on input line 11183.

LaTeX Info: Redefining \. on input line 11187.
LaTeX Info: Redefining \% on input line 11187.
[148]
chapter 9.

LaTeX Warning: Reference `sec-edp' on page 149 undefined on input line 11197.


LaTeX Warning: Reference `sec-clasificacion' on page 149 undefined on input line 11199.


LaTeX Warning: Reference `sec-idea-canonica' on page 149 undefined on input line 11200.


LaTeX Warning: Reference `sec-cuerda-separacion' on page 149 undefined on input line 11201.


LaTeX Warning: Reference `sec-fourier' on page 149 undefined on input line 11202.


LaTeX Warning: Reference `sec-green' on page 149 undefined on input line 11203.


LaTeX Warning: Reference `sec-distribuciones' on page 149 undefined on input line 11204.


LaTeX Warning: Reference `sec-tfourier' on page 149 undefined on input line 11205.


LaTeX Warning: Reference `sec-lineales' on page 149 undefined on input line 11237.


LaTeX Warning: Reference `sec-tres-mundos' on page 149 undefined on input line 11248.


LaTeX Warning: Reference `eq-hip-onda-1d' on page 149 undefined on input line 11256.

[149


]

LaTeX Warning: Reference `sec-hip-maxwell' on page 150 undefined on input line 11269.


LaTeX Warning: Reference `sec-hip-telegrafo' on page 150 undefined on input line 11283.


LaTeX Warning: Reference `eq-hip-onda-1d' on page 150 undefined on input line 11303.


LaTeX Warning: Reference `sec-hip-telegrafo' on page 150 undefined on input line 11306.


LaTeX Warning: Reference `sec-clasificacion' on page 150 undefined on input line 11309.

<09-hiperbolicas_files/figure-pdf/fig-hip-trueno-output-1.pdf, id=1823, 657.46065pt x 294.98557pt>
File: 09-hiperbolicas_files/figure-pdf/fig-hip-trueno-output-1.pdf Graphic file (type pdf)
<use 09-hiperbolicas_files/figure-pdf/fig-hip-trueno-output-1.pdf>
Package luatex.def Info: 09-hiperbolicas_files/figure-pdf/fig-hip-trueno-output-1.pdf  used on input line 11327.
(luatex.def)             Requested size: 657.45905pt x 294.98483pt.
LaTeX Info: Redefining \. on input line 11366.
LaTeX Info: Redefining \% on input line 11366.
[150]

LaTeX Warning: Reference `sec-edp' on page 151 undefined on input line 11378.


LaTeX Warning: Reference `sec-hip-reflexiones' on page 151 undefined on input line 11399.


LaTeX Warning: Reference `sec-edp' on page 151 undefined on input line 11405.

LaTeX Info: Redefining \. on input line 11410.
LaTeX Info: Redefining \% on input line 11410.
[151<./09-hiperbolicas_files/figure-pdf/fig-hip-trueno-output-1.pdf>]

LaTeX Warning: Reference `sec-edp' on page 152 undefined on input line 11421.


LaTeX Warning: Reference `sec-edp' on page 152 undefined on input line 11421.


LaTeX Warning: Reference `sec-clasificacion' on page 152 undefined on input line 11444.


LaTeX Warning: Reference `sec-canonica-hiperbolica' on page 152 undefined on input line 11448.


LaTeX Warning: Reference `sec-idea-canonica' on page 152 undefined on input line 11450.


LaTeX Warning: Reference `sec-idea-canonica' on page 152 undefined on input line 11453.


LaTeX Warning: Reference `exr-dalembert' on page 152 undefined on input line 11455.


LaTeX Warning: Reference `exr-dominio-dependencia' on page 152 undefined on input line 11458.


LaTeX Warning: Reference `sec-cuadricas' on page 152 undefined on input line 11460.


LaTeX Warning: Reference `sec-condiciones' on page 152 undefined on input line 11462.


LaTeX Warning: Reference `sec-cuerda-separacion' on page 152 undefined on input line 11465.


LaTeX Warning: Reference `sec-ejemplo-transformada' on page 152 undefined on input line 11468.


LaTeX Warning: Reference `sec-green-caso-1' on page 152 undefined on input line 11472.


LaTeX Warning: Reference `sec-edp' on page 152 undefined on input line 11490.


LaTeX Warning: Reference `exm-onda-fuente' on page 152 undefined on input line 11493.

LaTeX Info: Redefining \. on input line 11495.
LaTeX Info: Redefining \% on input line 11495.
[152]

LaTeX Warning: Reference `sec-bien-planteado' on page 153 undefined on input line 11496.


LaTeX Warning: Reference `sec-hip-deduccion' on page 153 undefined on input line 11532.


LaTeX Warning: Reference `sec-hip-energia' on page 153 undefined on input line 11536.


LaTeX Warning: Reference `sec-hip-dalembert' on page 153 undefined on input line 11539.


LaTeX Warning: Reference `sec-edp' on page 153 undefined on input line 11541.


LaTeX Warning: Reference `sec-hip-reflexiones' on page 153 undefined on input line 11542.


LaTeX Warning: Reference `sec-hip-fuentes' on page 153 undefined on input line 11545.


LaTeX Warning: Reference `sec-hip-membranas' on page 153 undefined on input line 11548.


LaTeX Warning: Reference `sec-hip-espacio' on page 153 undefined on input line 11551.


LaTeX Warning: Reference `sec-hip-maxwell' on page 153 undefined on input line 11554.


LaTeX Warning: Reference `sec-hip-telegrafo' on page 153 undefined on input line 11557.


LaTeX Warning: Reference `sec-hip-deduccion' on page 153 undefined on input line 11587.


LaTeX Warning: Reference `sec-hip-energia' on page 153 undefined on input line 11588.


LaTeX Warning: Reference `sec-hip-dalembert' on page 153 undefined on input line 11589.


LaTeX Warning: Reference `sec-hip-estabilidad' on page 153 undefined on input line 11591.


LaTeX Warning: Reference `sec-hip-espacio' on page 153 undefined on input line 11593.


LaTeX Warning: Reference `sec-hip-membranas' on page 153 undefined on input line 11594.


LaTeX Warning: Reference `sec-hip-fuentes' on page 153 undefined on input line 11595.


LaTeX Warning: Reference `sec-hip-maxwell' on page 153 undefined on input line 11597.


LaTeX Warning: Reference `sec-hip-kirchhoff' on page 153 undefined on input line 11599.


LaTeX Warning: Reference `sec-hip-problemas' on page 153 undefined on input line 11600.


Underfull \vbox (badness 4805) has occurred while \output is active []

LaTeX Info: Redefining \. on input line 11606.
LaTeX Info: Redefining \% on input line 11606.
[153]

LaTeX Warning: Reference `sec-edp' on page 154 undefined on input line 11616.


LaTeX Warning: Reference `sec-hip-maxwell' on page 154 undefined on input line 11619.

<09-hiperbolicas_files/figure-pdf/fig-hip-elemento-output-1.pdf, id=1909, 440.1243pt x 203.65686pt>
File: 09-hiperbolicas_files/figure-pdf/fig-hip-elemento-output-1.pdf Graphic file (type pdf)
<use 09-hiperbolicas_files/figure-pdf/fig-hip-elemento-output-1.pdf>
Package luatex.def Info: 09-hiperbolicas_files/figure-pdf/fig-hip-elemento-output-1.pdf  used on input line 11663.
(luatex.def)             Requested size: 440.12321pt x 203.65636pt.
LaTeX Info: Redefining \. on input line 11689.
LaTeX Info: Redefining \% on input line 11689.
[154]
LaTeX Info: Redefining \. on input line 11741.
LaTeX Info: Redefining \% on input line 11741.
[155<./09-hiperbolicas_files/figure-pdf/fig-hip-elemento-output-1.pdf>]

LaTeX Warning: Reference `eq-hip-velocidad' on page 156 undefined on input line 11769.


LaTeX Warning: Reference `sec-cuerda-separacion' on page 156 undefined on input line 11770.


LaTeX Warning: Reference `sec-viga' on page 156 undefined on input line 11790.


LaTeX Warning: Reference `sec-hip-energia' on page 156 undefined on input line 11812.


LaTeX Warning: Reference `sec-sturm' on page 156 undefined on input line 11814.

LaTeX Info: Redefining \. on input line 11822.
LaTeX Info: Redefining \% on input line 11822.
[156]

LaTeX Warning: Reference `eq-hip-inhomogenea' on page 157 undefined on input line 11832.


LaTeX Warning: Reference `eq-hip-onda-1d' on page 157 undefined on input line 11839.

LaTeX Info: Redefining \. on input line 11931.
LaTeX Info: Redefining \% on input line 11931.
[157]

LaTeX Warning: Reference `sec-condiciones' on page 158 undefined on input line 11974.

LaTeX Info: Redefining \. on input line 12051.
LaTeX Info: Redefining \% on input line 12051.
[158]

LaTeX Warning: Reference `eq-hip-mixto' on page 159 undefined on input line 12062.


LaTeX Warning: Reference `sec-hip-dalembert' on page 159 undefined on input line 12076.


LaTeX Warning: Reference `sec-hip-reflexiones' on page 159 undefined on input line 12082.


LaTeX Warning: Reference `sec-hip-fuentes' on page 159 undefined on input line 12088.


LaTeX Warning: Reference `eq-hip-cuerda' on page 159 undefined on input line 12100.


LaTeX Warning: Reference `sec-hip-energia' on page 159 undefined on input line 12101.


LaTeX Warning: Reference `sec-hip-telegrafo' on page 159 undefined on input line 12106.

LaTeX Info: Redefining \. on input line 12109.
LaTeX Info: Redefining \% on input line 12109.
[159]

LaTeX Warning: Reference `eq-hip-mixto' on page 160 undefined on input line 12141.


LaTeX Warning: Reference `def-bien-planteado' on page 160 undefined on input line 12146.


LaTeX Warning: Reference `eq-hip-inhomogenea' on page 160 undefined on input line 12168.

LaTeX Info: Redefining \. on input line 12178.
LaTeX Info: Redefining \% on input line 12178.
[160]

LaTeX Warning: Reference `eq-hip-inhomogenea' on page 161 undefined on input line 12189.


LaTeX Warning: Reference `eq-hip-balance' on page 161 undefined on input line 12211.


LaTeX Warning: Reference `sec-hip-casos-limite' on page 161 undefined on input line 12246.

LaTeX Info: Redefining \. on input line 12269.
LaTeX Info: Redefining \% on input line 12269.
[161]

LaTeX Warning: Reference `prp-hip-balance' on page 162 undefined on input line 12293.


LaTeX Warning: Reference `sec-patologias' on page 162 undefined on input line 12307.


LaTeX Warning: Reference `thm-hip-unicidad' on page 162 undefined on input line 12314.


LaTeX Warning: Reference `thm-hip-unicidad' on page 162 undefined on input line 12314.


LaTeX Warning: Reference `sec-generalizadas' on page 162 undefined on input line 12342.


LaTeX Warning: Reference `eq-hip-balance' on page 162 undefined on input line 12348.


LaTeX Warning: Reference `eq-hip-inhomogenea' on page 162 undefined on input line 12361.

LaTeX Info: Redefining \. on input line 12370.
LaTeX Info: Redefining \% on input line 12370.
[162]

LaTeX Warning: Reference `eq-hip-balance' on page 163 undefined on input line 12390.


LaTeX Warning: Reference `sec-hip-reflexiones' on page 163 undefined on input line 12400.


LaTeX Warning: Reference `eq-hip-balance' on page 163 undefined on input line 12424.


LaTeX Warning: Reference `eq-hip-balance' on page 163 undefined on input line 12433.


LaTeX Warning: Reference `thm-hip-unicidad' on page 163 undefined on input line 12442.

LaTeX Info: Redefining \. on input line 12449.
LaTeX Info: Redefining \% on input line 12449.
[163]

LaTeX Warning: Reference `eq-hip-velocidad' on page 164 undefined on input line 12465.


LaTeX Warning: Reference `exr-dalembert' on page 164 undefined on input line 12488.

LaTeX Info: Redefining \. on input line 12534.
LaTeX Info: Redefining \% on input line 12534.
[164]

LaTeX Warning: Reference `sec-idea-canonica' on page 165 undefined on input line 12544.


LaTeX Warning: Reference `exr-dalembert' on page 165 undefined on input line 12546.


LaTeX Warning: Reference `eq-hip-dalembert' on page 165 undefined on input line 12549.


LaTeX Warning: Reference `exr-hip-verificar' on page 165 undefined on input line 12550.


LaTeX Warning: Reference `sec-tres-mundos' on page 165 undefined on input line 12558.


LaTeX Warning: Reference `eq-hip-dalembert' on page 165 undefined on input line 12571.

LaTeX Info: Redefining \. on input line 12619.
LaTeX Info: Redefining \% on input line 12619.
[165]

LaTeX Warning: Reference `eq-hip-dalembert' on page 166 undefined on input line 12628.


LaTeX Warning: Reference `sec-hip-reflexiones' on page 166 undefined on input line 12640.

<09-hiperbolicas_files/figure-pdf/fig-hip-paralelogramo-output-1.pdf, id=2043, 613.8408pt x 246.60005pt>
File: 09-hiperbolicas_files/figure-pdf/fig-hip-paralelogramo-output-1.pdf Graphic file (type pdf)
<use 09-hiperbolicas_files/figure-pdf/fig-hip-paralelogramo-output-1.pdf>
Package luatex.def Info: 09-hiperbolicas_files/figure-pdf/fig-hip-paralelogramo-output-1.pdf  used on input line 12680.
(luatex.def)             Requested size: 613.83931pt x 246.59943pt.

LaTeX Warning: Reference `sec-hip-reflexiones' on page 166 undefined on input line 12696.


LaTeX Warning: Reference `eq-hip-paralelogramo' on page 166 undefined on input line 12730.


LaTeX Warning: Reference `sec-patologia-transversalidad' on page 166 undefined on input line 12745.

LaTeX Info: Redefining \. on input line 12752.
LaTeX Info: Redefining \% on input line 12752.
[166]

LaTeX Warning: Reference `thm-hip-dalembert' on page 167 undefined on input line 12756.

LaTeX Info: Redefining \. on input line 12766.
LaTeX Info: Redefining \% on input line 12766.
[167<./09-hiperbolicas_files/figure-pdf/fig-hip-paralelogramo-output-1.pdf>]
Overfull \hbox (75.56374pt too wide) detected at line 12789
\TU/latinmodern-math.otf(1)/m/n/10.95 |𝑢[] − 𝑢[]| ≤ [] + [] + [] [][] |𝜓[] − 𝜓[]| 𝑑𝑠 < [] + [] + [] 𝛿 (2𝑎𝑡) = 𝛿(1 + 𝑡) ≤ 𝛿(1 + 𝑡[]).
 []

<09-hiperbolicas_files/figure-pdf/fig-hip-estabilidad-output-1.pdf, id=2104, 656.70256pt x 246.5166pt>
File: 09-hiperbolicas_files/figure-pdf/fig-hip-estabilidad-output-1.pdf Graphic file (type pdf)
<use 09-hiperbolicas_files/figure-pdf/fig-hip-estabilidad-output-1.pdf>
Package luatex.def Info: 09-hiperbolicas_files/figure-pdf/fig-hip-estabilidad-output-1.pdf  used on input line 12807.
(luatex.def)             Requested size: 656.70094pt x 246.51599pt.

LaTeX Warning: Reference `eq-hip-estabilidad' on page 168 undefined on input line 12822.


LaTeX Warning: Reference `sec-hadamard' on page 168 undefined on input line 12822.


LaTeX Warning: Reference `eq-hip-estabilidad' on page 168 undefined on input line 12822.


LaTeX Warning: Reference `sec-hadamard' on page 168 undefined on input line 12822.


LaTeX Warning: Reference `eq-hip-estabilidad' on page 168 undefined on input line 12834.


LaTeX Warning: Reference `sec-hip-energia' on page 168 undefined on input line 12838.


LaTeX Warning: Reference `sec-hip-espacio' on page 168 undefined on input line 12841.

LaTeX Info: Redefining \. on input line 12844.
LaTeX Info: Redefining \% on input line 12844.
[168<./09-hiperbolicas_files/figure-pdf/fig-hip-estabilidad-output-1.pdf>]

LaTeX Warning: Reference `eq-hip-dalembert' on page 169 undefined on input line 12848.


LaTeX Warning: Reference `sec-generalizadas' on page 169 undefined on input line 12882.


LaTeX Warning: Reference `thm-hip-dalembert' on page 169 undefined on input line 12883.


LaTeX Warning: Reference `sec-hip-pregunta' on page 169 undefined on input line 12912.


LaTeX Warning: Reference `sec-cuerda-separacion' on page 169 undefined on input line 12914.


LaTeX Warning: Reference `sec-hip-reflexiones' on page 169 undefined on input line 12917.


LaTeX Warning: Reference `sec-hip-pregunta' on page 169 undefined on input line 12926.

LaTeX Info: Redefining \. on input line 12927.
LaTeX Info: Redefining \% on input line 12927.
[169]

LaTeX Warning: Reference `sec-hip-casos-limite' on page 170 undefined on input line 12934.


LaTeX Warning: Reference `sec-hip-dalembert' on page 170 undefined on input line 12945.


LaTeX Warning: Reference `eq-hip-semi' on page 170 undefined on input line 12970.


LaTeX Warning: Reference `sec-hip-dalembert' on page 170 undefined on input line 12986.

LaTeX Info: Redefining \. on input line 13020.
LaTeX Info: Redefining \% on input line 13020.
[170]

LaTeX Warning: Reference `tbl-hip-bordes' on page 171 undefined on input line 13025.


LaTeX Warning: Reference `eq-hip-semi' on page 171 undefined on input line 13031.


LaTeX Warning: Reference `exr-hip-libre' on page 171 undefined on input line 13046.


LaTeX Warning: Reference `sec-hip-unicidad' on page 171 undefined on input line 13052.


LaTeX Warning: Reference `eq-hip-reflexion' on page 171 undefined on input line 13080.

LaTeX Info: Redefining \. on input line 13083.
LaTeX Info: Redefining \% on input line 13083.
[171]
LaTeX Info: Redefining \. on input line 13194.
LaTeX Info: Redefining \% on input line 13194.
[172]

LaTeX Warning: Reference `thm-hip-unicidad' on page 173 undefined on input line 13210.


LaTeX Warning: Reference `sec-cuerda-separacion' on page 173 undefined on input line 13218.


LaTeX Warning: Reference `sec-fourier' on page 173 undefined on input line 13226.


LaTeX Warning: Reference `eq-hip-finita' on page 173 undefined on input line 13228.


LaTeX Warning: Reference `exr-hip-estacionaria' on page 173 undefined on input line 13252.


LaTeX Warning: Reference `sec-interpretacion' on page 173 undefined on input line 13257.

LaTeX Info: Redefining \. on input line 13272.
LaTeX Info: Redefining \% on input line 13272.
[173]

LaTeX Warning: Reference `sec-hip-cuerda' on page 174 undefined on input line 13274.


LaTeX Warning: Reference `sec-hip-casos-limite' on page 174 undefined on input line 13288.


LaTeX Warning: Reference `eq-hip-semi-fijo' on page 174 undefined on input line 13306.


LaTeX Warning: Reference `eq-hip-semi-libre' on page 174 undefined on input line 13325.


LaTeX Warning: Reference `eq-hip-semi-libre' on page 174 undefined on input line 13337.


LaTeX Warning: Reference `exr-hip-verificar' on page 174 undefined on input line 13348.

LaTeX Info: Redefining \. on input line 13350.
LaTeX Info: Redefining \% on input line 13350.
[174]

LaTeX Warning: Reference `eq-hip-extremo-movil' on page 175 undefined on input line 13362.


LaTeX Warning: Reference `eq-hip-semi-fijo' on page 175 undefined on input line 13387.


LaTeX Warning: Reference `prp-hip-paralelogramo' on page 175 undefined on input line 13389.


LaTeX Warning: Reference `eq-hip-semi-fijo' on page 175 undefined on input line 13424.

LaTeX Info: Redefining \. on input line 13427.
LaTeX Info: Redefining \% on input line 13427.
[175]

LaTeX Warning: Reference `sec-green' on page 176 undefined on input line 13444.


LaTeX Warning: Reference `exm-onda-fuente' on page 176 undefined on input line 13449.

LaTeX Info: Redefining \. on input line 13469.
LaTeX Info: Redefining \% on input line 13469.
[176]

LaTeX Warning: Reference `eq-hip-dalembert-fuente' on page 177 undefined on input line 13501.


LaTeX Warning: Reference `exr-hip-duhamel' on page 177 undefined on input line 13505.


LaTeX Warning: Reference `sec-caracteristicas' on page 177 undefined on input line 13509.


LaTeX Warning: Reference `eq-hip-dalembert-fuente' on page 177 undefined on input line 13543.

LaTeX Info: Redefining \. on input line 13552.
LaTeX Info: Redefining \% on input line 13552.
[177]

LaTeX Warning: Reference `eq-hip-dalembert-fuente' on page 178 undefined on input line 13557.


LaTeX Warning: Reference `exr-dalembert' on page 178 undefined on input line 13565.


LaTeX Warning: Reference `sec-hip-maxwell' on page 178 undefined on input line 13568.


LaTeX Warning: Reference `eq-hip-green-1d' on page 178 undefined on input line 13581.


LaTeX Warning: Reference `sec-cuerda-separacion' on page 178 undefined on input line 13607.


LaTeX Warning: Reference `thm-hip-finita' on page 178 undefined on input line 13608.


LaTeX Warning: Reference `eq-hip-forzada-sol' on page 178 undefined on input line 13629.

LaTeX Info: Redefining \. on input line 13632.
LaTeX Info: Redefining \% on input line 13632.
[178]

LaTeX Warning: Reference `sec-green' on page 179 undefined on input line 13652.


LaTeX Warning: Reference `eq-hip-forzada' on page 179 undefined on input line 13657.


Overfull \hbox (98.35812pt too wide) detected at line 13662
[][][][][][]
 []


LaTeX Warning: Reference `eq-hip-forzada' on page 179 undefined on input line 13664.


LaTeX Warning: Reference `eq-hip-forzada-sol' on page 179 undefined on input line 13675.


LaTeX Warning: Reference `sec-ejemplo-transformada' on page 179 undefined on input line 13677.


LaTeX Warning: Reference `eq-hip-oscilador' on page 179 undefined on input line 13687.


LaTeX Warning: Reference `eq-hip-oscilador' on page 179 undefined on input line 13693.


LaTeX Warning: Reference `sec-ejemplo-transformada' on page 179 undefined on input line 13698.


LaTeX Warning: Reference `sec-ejemplo-transformada' on page 179 undefined on input line 13708.

LaTeX Info: Redefining \. on input line 13718.
LaTeX Info: Redefining \% on input line 13718.
[179]

LaTeX Warning: Reference `eq-hip-oscilador' on page 180 undefined on input line 13727.


LaTeX Warning: Reference `sec-hip-casos-limite' on page 180 undefined on input line 13737.


LaTeX Warning: Reference `eq-hip-resonancia-exacta' on page 180 undefined on input line 13757.


LaTeX Warning: Reference `eq-hip-resonancia' on page 180 undefined on input line 13758.

LaTeX Info: Redefining \. on input line 13787.
LaTeX Info: Redefining \% on input line 13787.
[180]

LaTeX Warning: Reference `sec-interpretacion' on page 181 undefined on input line 13810.


LaTeX Warning: Reference `eq-hip-mixto' on page 181 undefined on input line 13837.

LaTeX Info: Redefining \. on input line 13865.
LaTeX Info: Redefining \% on input line 13865.
[181]

LaTeX Warning: Reference `sec-hip-casos-limite' on page 182 undefined on input line 13918.


LaTeX Warning: Reference `prp-hip-bordes-moviles' on page 182 undefined on input line 13921.


LaTeX Warning: Reference `eq-hip-dalembert-fuente' on page 182 undefined on input line 13928.


LaTeX Warning: Reference `thm-hip-dalembert-fuente' on page 182 undefined on input line 13963.

LaTeX Info: Redefining \. on input line 13965.
LaTeX Info: Redefining \% on input line 13965.
[182]

LaTeX Warning: Reference `sec-esquema-separacion' on page 183 undefined on input line 14004.

LaTeX Info: Redefining \. on input line 14006.
LaTeX Info: Redefining \% on input line 14006.
[183]

LaTeX Warning: Reference `sec-helmholtz' on page 184 undefined on input line 14018.


Overfull \hbox (9.90979pt too wide) detected at line 14023
[] \TU/latinmodern-math.otf(1)/m/n/10.95 + [] = −𝑘[]  ⟹  𝑋[] + 𝜆[]𝑋 = 0,   𝑋(0) = 𝑋(𝑙[]) = 0;  𝑌[] + 𝜇[]𝑌 = 0,   𝑌(0) = 𝑌(𝑙[]) = 0,
 []


LaTeX Warning: Reference `sec-cuerda-separacion' on page 184 undefined on input line 14024.


Overfull \hbox (71.43138pt too wide) detected at line 14085
\TU/latinmodern-math.otf(1)/m/n/10.95 𝐴[] = [] [][]   [][] 𝜑(𝑥, 𝑦) [] [] [] [] 𝑑𝑦 𝑑𝑥,  𝜔[]𝐵[] = [] [][]   [][] 𝜓(𝑥, 𝑦) [] [] [] [] 𝑑𝑦 𝑑𝑥.
 []


LaTeX Warning: Reference `eq-hip-helmholtz-rect' on page 184 undefined on input line 14092.

LaTeX Info: Redefining \. on input line 14103.
LaTeX Info: Redefining \% on input line 14103.
[184]

LaTeX Warning: Reference `sec-interpretacion' on page 185 undefined on input line 14112.


LaTeX Warning: Reference `eq-hip-frecuencias-rect' on page 185 undefined on input line 14113.


LaTeX Warning: Reference `sec-hip-circular' on page 185 undefined on input line 14122.


LaTeX Warning: Reference `sec-hip-circular' on page 185 undefined on input line 14122.


LaTeX Warning: Reference `sec-edp' on page 185 undefined on input line 14149.


LaTeX Warning: Reference `eq-hip-frecuencias-rect' on page 185 undefined on input line 14158.


LaTeX Warning: Reference `eq-hip-frecuencias-rect' on page 185 undefined on input line 14185.

LaTeX Info: Redefining \. on input line 14190.
LaTeX Info: Redefining \% on input line 14190.
[185]

LaTeX Warning: Reference `eq-hip-helmholtz-rect' on page 186 undefined on input line 14196.


LaTeX Warning: Reference `exr-hip-diagonal' on page 186 undefined on input line 14209.


LaTeX Warning: Reference `sec-viga' on page 186 undefined on input line 14242.

LaTeX Info: Redefining \. on input line 14289.
LaTeX Info: Redefining \% on input line 14289.
[186]
LaTeX Info: Redefining \. on input line 14346.
LaTeX Info: Redefining \% on input line 14346.
[187]

LaTeX Warning: Reference `eq-hip-bessel-radial' on page 188 undefined on input line 14353.


LaTeX Warning: Reference `sec-sturm' on page 188 undefined on input line 14355.

<09-hiperbolicas_files/figure-pdf/fig-hip-bessel-output-1.pdf, id=2369, 701.30067pt x 255.34459pt>
File: 09-hiperbolicas_files/figure-pdf/fig-hip-bessel-output-1.pdf Graphic file (type pdf)
<use 09-hiperbolicas_files/figure-pdf/fig-hip-bessel-output-1.pdf>
Package luatex.def Info: 09-hiperbolicas_files/figure-pdf/fig-hip-bessel-output-1.pdf  used on input line 14365.
(luatex.def)             Requested size: 701.29897pt x 255.34395pt.

LaTeX Warning: Reference `eq-hip-circular' on page 188 undefined on input line 14389.


Overfull \hbox (5.48132pt too wide) detected at line 14403
\TU/latinmodern-math.otf(1)/m/n/10.95 𝐴[] = [] [][] 𝜑(𝑟) 𝐽[] [][][] 𝑟 𝑑𝑟,  𝐵[] = [] [][] 𝜓(𝑟) 𝐽[] [][][] 𝑟 𝑑𝑟.
 []


LaTeX Warning: Reference `sec-esquema-separacion' on page 188 undefined on input line 14408.


LaTeX Warning: Reference `eq-hip-bessel-radial' on page 188 undefined on input line 14410.

LaTeX Info: Redefining \. on input line 14419.
LaTeX Info: Redefining \% on input line 14419.
[188<./09-hiperbolicas_files/figure-pdf/fig-hip-bessel-output-1.pdf>]

LaTeX Warning: Reference `tbl-hip-cocientes' on page 189 undefined on input line 14443.


LaTeX Warning: Reference `eq-hip-circular-sol' on page 189 undefined on input line 14453.


LaTeX Warning: Reference `eq-hip-j0' on page 189 undefined on input line 14463.


LaTeX Warning: Reference `eq-hip-j0' on page 189 undefined on input line 14487.

LaTeX Info: Redefining \. on input line 14503.
LaTeX Info: Redefining \% on input line 14503.
[189]

LaTeX Warning: Reference `eq-hip-onda-n' on page 190 undefined on input line 14507.


LaTeX Warning: Reference `eq-hip-esfericas' on page 190 undefined on input line 14564.


LaTeX Warning: Reference `sec-green-caso-1' on page 190 undefined on input line 14573.


LaTeX Warning: Reference `sec-hip-semi-fijo' on page 190 undefined on input line 14576.

LaTeX Info: Redefining \. on input line 14580.
LaTeX Info: Redefining \% on input line 14580.
[190]

LaTeX Warning: Reference `prp-hip-semi-fijo' on page 191 undefined on input line 14608.


LaTeX Warning: Reference `sec-hip-estabilidad' on page 191 undefined on input line 14634.

<09-hiperbolicas_files/figure-pdf/fig-hip-globo-output-1.pdf, id=2442, 671.70197pt x 253.29631pt>
File: 09-hiperbolicas_files/figure-pdf/fig-hip-globo-output-1.pdf Graphic file (type pdf)
<use 09-hiperbolicas_files/figure-pdf/fig-hip-globo-output-1.pdf>
Package luatex.def Info: 09-hiperbolicas_files/figure-pdf/fig-hip-globo-output-1.pdf  used on input line 14640.
(luatex.def)             Requested size: 671.70033pt x 253.29568pt.

LaTeX Warning: Reference `eq-hip-centro' on page 191 undefined on input line 14654.


LaTeX Warning: Reference `eq-hip-centro' on page 191 undefined on input line 14654.

LaTeX Info: Redefining \. on input line 14671.
LaTeX Info: Redefining \% on input line 14671.
[191]
LaTeX Info: Redefining \. on input line 14717.
LaTeX Info: Redefining \% on input line 14717.
[192<./09-hiperbolicas_files/figure-pdf/fig-hip-globo-output-1.pdf>]

LaTeX Warning: Reference `eq-hip-green-1d' on page 193 undefined on input line 14737.


LaTeX Warning: Reference `eq-hip-green-1d' on page 193 undefined on input line 14737.


LaTeX Warning: Reference `eq-hip-centro' on page 193 undefined on input line 14800.


LaTeX Warning: Reference `eq-hip-cauchy-esferico' on page 193 undefined on input line 14800.


LaTeX Warning: Reference `fig-hip-globo' on page 193 undefined on input line 14801.


LaTeX Warning: Reference `eq-hip-centro' on page 193 undefined on input line 14817.

LaTeX Info: Redefining \. on input line 14830.
LaTeX Info: Redefining \% on input line 14830.
[193]

LaTeX Warning: Reference `tbl-hip-si-cgs' on page 194 undefined on input line 14850.

LaTeX Info: Redefining \. on input line 14892.
LaTeX Info: Redefining \% on input line 14892.
[194]

LaTeX Warning: Reference `eq-hip-ondas-em' on page 195 undefined on input line 14912.

LaTeX Info: Redefining \. on input line 14978.
LaTeX Info: Redefining \% on input line 14978.
[195]

LaTeX Warning: Reference `eq-hip-lorenz' on page 196 undefined on input line 15007.


LaTeX Warning: Reference `eq-hip-onda-3d' on page 196 undefined on input line 15019.


LaTeX Warning: Reference `eq-hip-lorenz' on page 196 undefined on input line 15060.

LaTeX Info: Redefining \. on input line 15080.
LaTeX Info: Redefining \% on input line 15080.
[196]

LaTeX Warning: Reference `sec-green-varias' on page 197 undefined on input line 15086.


LaTeX Warning: Reference `sec-helmholtz' on page 197 undefined on input line 15099.


LaTeX Warning: Reference `sec-hip-esfericas' on page 197 undefined on input line 15106.

LaTeX Info: Redefining \. on input line 15146.
LaTeX Info: Redefining \% on input line 15146.
[197]

LaTeX Warning: Reference `eq-hip-potenciales-onda' on page 198 undefined on input line 15152.


LaTeX Warning: Reference `eq-hip-retardados' on page 198 undefined on input line 15185.


LaTeX Warning: Reference `tbl-hip-green-dimensiones' on page 198 undefined on input line 15190.

LaTeX Info: Redefining \. on input line 15223.
LaTeX Info: Redefining \% on input line 15223.
[198]

LaTeX Warning: Reference `sec-hip-balance' on page 199 undefined on input line 15254.


LaTeX Warning: Reference `eq-hip-kirchhoff' on page 199 undefined on input line 15295.


LaTeX Warning: Reference `eq-hip-kirchhoff' on page 199 undefined on input line 15315.

LaTeX Info: Redefining \. on input line 15325.
LaTeX Info: Redefining \% on input line 15325.
[199]
Missing character: There is no ↔ (U+2194) in font [lmroman10-bold]:+tlig;!
Missing character: There is no ↔ (U+2194) in font [lmroman10-bold]:+tlig;!

Underfull \vbox (badness 2376) has occurred while \output is active []

LaTeX Info: Redefining \. on input line 15459.
LaTeX Info: Redefining \% on input line 15459.
[200]

LaTeX Warning: Reference `sec-hip-casos-limite' on page 201 undefined on input line 15467.


LaTeX Warning: Reference `eq-hip-telegrafo' on page 201 undefined on input line 15494.


LaTeX Warning: Reference `sec-clasificacion' on page 201 undefined on input line 15500.


LaTeX Warning: Reference `tbl-hip-analogias' on page 201 undefined on input line 15506.


LaTeX Warning: Reference `sec-hip-balance' on page 201 undefined on input line 15514.

LaTeX Info: Redefining \. on input line 15516.
LaTeX Info: Redefining \% on input line 15516.
[201
Missing character: There is no ↔ (U+2194) in font [lmroman10-bold]:+tlig;!
]

LaTeX Warning: Reference `sec-hip-casos-limite' on page 202 undefined on input line 15531.


LaTeX Warning: Reference `sec-hip-resonancia' on page 202 undefined on input line 15535.

LaTeX Info: Redefining \. on input line 15620.
LaTeX Info: Redefining \% on input line 15620.
[202]

LaTeX Warning: Reference `sec-hip-dalembert' on page 203 undefined on input line 15645.


LaTeX Warning: Reference `sec-viga' on page 203 undefined on input line 15669.

LaTeX Info: Redefining \. on input line 15686.
LaTeX Info: Redefining \% on input line 15686.
[203]

LaTeX Warning: Reference `sec-hip-dalembert' on page 204 undefined on input line 15750.


LaTeX Warning: Reference `sec-hip-reflexiones' on page 204 undefined on input line 15753.


LaTeX Warning: Reference `thm-hip-finita' on page 204 undefined on input line 15755.


LaTeX Warning: Reference `sec-cuerda-separacion' on page 204 undefined on input line 15757.


LaTeX Warning: Reference `sec-hip-forzada' on page 204 undefined on input line 15759.


LaTeX Warning: Reference `sec-hip-bordes-moviles' on page 204 undefined on input line 15762.


LaTeX Warning: Reference `sec-hip-membranas' on page 204 undefined on input line 15765.


LaTeX Warning: Reference `sec-hip-esfericas' on page 204 undefined on input line 15767.


LaTeX Warning: Reference `sec-hip-retardados' on page 204 undefined on input line 15769.


LaTeX Warning: Reference `sec-hip-energia' on page 204 undefined on input line 15771.

LaTeX Info: Redefining \. on input line 15772.
LaTeX Info: Redefining \% on input line 15772.
[204]

LaTeX Warning: Reference `sec-cuerda-separacion' on page 205 undefined on input line 15795.


LaTeX Warning: Reference `sec-interpretacion' on page 205 undefined on input line 15807.


LaTeX Warning: Reference `sec-hip-finita' on page 205 undefined on input line 15809.

LaTeX Info: Redefining \. on input line 15842.
LaTeX Info: Redefining \% on input line 15842.
[205]
LaTeX Info: Redefining \. on input line 15905.
LaTeX Info: Redefining \% on input line 15905.
[206]

LaTeX Warning: Reference `sec-hip-green-1d' on page 207 undefined on input line 15937.


LaTeX Warning: Reference `tbl-hip-bordes' on page 207 undefined on input line 15956.

LaTeX Info: Redefining \. on input line 15982.
LaTeX Info: Redefining \% on input line 15982.
[207]

LaTeX Warning: Reference `exr-hip-barra' on page 208 undefined on input line 15994.

LaTeX Info: Redefining \. on input line 16042.
LaTeX Info: Redefining \% on input line 16042.
[208]

LaTeX Warning: Reference `thm-hip-rectangular' on page 209 undefined on input line 16056.


LaTeX Warning: Reference `eq-hip-frecuencias-rect' on page 209 undefined on input line 16066.

LaTeX Info: Redefining \. on input line 16099.
LaTeX Info: Redefining \% on input line 16099.
[209]

LaTeX Warning: Reference `thm-hip-circular' on page 210 undefined on input line 16104.


Overfull \hbox (16.20445pt too wide) detected at line 16111
\TU/latinmodern-math.otf(1)/m/n/10.95 𝐴[] = [] [][] 𝜑(𝑟)𝐽[] [][][]𝑟 𝑑𝑟,  𝐵[] = [] [][] 𝜓(𝑟)𝐽[] [][][]𝑟 𝑑𝑟.
 []

! Incompatible glue units.
\es@sppercent ...fnum \gluestretchorder \lastskip 
                                                  =\z@ \unskip \fi \textorma...
l.16145 \(111\,\%
               \) de la altura: el segundo corrige en sentido contrario.

Here is how much of LuaTeX's memory you used:
 46179 strings out of 475635
 195340,1977958 words of node,token memory allocated
 71723 words of node memory still in use:
   338 hlist, 44 vlist, 18 rule, 148 disc, 13 local_par, 93 dir, 67 math, 477 glue, 142 kern, 58 penalty, 3 noad, 3 math_char, 10 margin_kern, 1600 glyph, 18350 attribute, 74 glue_spec, 6124 attribute_list, 3 temp, 1 if_stack, 2 write, 1 user_defined, 139 pdf_literal, 4 pdf_dest, 8 pdf_action, 21 pdf_colorstack nodes
   avail lists: 1:12,2:10651,3:1907,4:208,5:657,6:127,7:6678,8:117,9:880,10:33,11:825
 67001 multiletter control sequences out of 65536+600000
 56 fonts using 13141407 bytes
 109i,15n,114p,11226b,1122s stack positions out of 10000i,1000n,20000p,200000b,200000s
!  ==> Fatal error occurred, no output PDF file produced!
